$date
	Sat Jun 20 13:18:41 2026
$end
$version
	Icarus Verilog
$end
$timescale
	1ns
$end
$scope module tb_spi_master $end
$var wire 1 ! ss $end
$var wire 1 " slave_rx_valid $end
$var wire 8 # slave_rx [7:0] $end
$var wire 1 $ sclk $end
$var wire 8 % rx_data [7:0] $end
$var wire 1 & mosi $end
$var wire 1 ' miso $end
$var wire 1 ( done $end
$var wire 1 ) busy $end
$var parameter 32 * CLK_F $end
$var parameter 32 + CLK_PERIOD $end
$var parameter 32 , HOLD_CYCLES $end
$var parameter 64 - N $end
$var parameter 32 . NE $end
$var parameter 32 / SETUP_CYCLES $end
$var parameter 32 0 SPI_F $end
$var reg 1 1 clk $end
$var reg 1 2 cpha $end
$var reg 1 3 cpol $end
$var reg 1 4 rst $end
$var reg 8 5 slave_tx [7:0] $end
$var reg 64 6 ss_fall_t [63:0] $end
$var reg 64 7 ss_rise_t [63:0] $end
$var reg 1 8 start $end
$var reg 8 9 tx_data [7:0] $end
$var integer 32 : b [31:0] $end
$var integer 32 ; edge_n [31:0] $end
$var integer 32 < i [31:0] $end
$var integer 32 = mode [31:0] $end
$var integer 32 > n_checks [31:0] $end
$var integer 32 ? n_fail [31:0] $end
$scope module dut $end
$var wire 1 ) busy $end
$var wire 1 @ byte_done $end
$var wire 1 1 clk $end
$var wire 1 A clk_done $end
$var wire 1 2 cpha $end
$var wire 1 3 cpol $end
$var wire 1 ( done $end
$var wire 1 B falling_edge $end
$var wire 1 C mode_xor $end
$var wire 1 D rising_edge $end
$var wire 1 4 rst $end
$var wire 1 $ sclk $end
$var wire 1 E shift_edge $end
$var wire 1 ! ss $end
$var wire 1 8 start $end
$var wire 1 F toggle_now $end
$var wire 8 G tx_data [7:0] $end
$var wire 1 H sample_edge $end
$var wire 1 & mosi $end
$var wire 1 ' miso $end
$var parameter 32 I CLK_F $end
$var parameter 32 J CW $end
$var parameter 32 K EW $end
$var parameter 2 L HOLD $end
$var parameter 32 M HOLD_CYCLES $end
$var parameter 2 N IDLE $end
$var parameter 64 O MAX_CNT $end
$var parameter 64 P N $end
$var parameter 32 Q NE $end
$var parameter 2 R SETUP $end
$var parameter 32 S SETUP_CYCLES $end
$var parameter 32 T SPI_F $end
$var parameter 2 U XFER $end
$var reg 3 V bit_cnt [2:0] $end
$var reg 3 W cnt [2:0] $end
$var reg 1 X done_reg $end
$var reg 4 Y ecnt [3:0] $end
$var reg 2 Z ns [1:0] $end
$var reg 8 [ rx_data [7:0] $end
$var reg 8 \ rx_shift [7:0] $end
$var reg 2 ] s [1:0] $end
$var reg 1 ^ sclk_reg $end
$var reg 8 _ tx_shift [7:0] $end
$upscope $end
$scope module slave $end
$var wire 1 2 cpha $end
$var wire 1 3 cpol $end
$var wire 1 ` mode_xor $end
$var wire 1 & mosi $end
$var wire 1 $ sclk $end
$var wire 1 ! ss $end
$var wire 8 a tx_data [7:0] $end
$var wire 1 b shift_now $end
$var wire 1 ' miso $end
$var parameter 32 c DW $end
$var reg 4 d bit_cnt [3:0] $end
$var reg 8 e rx_data [7:0] $end
$var reg 8 f rx_sh [7:0] $end
$var reg 1 " rx_valid $end
$var reg 4 g tcnt [3:0] $end
$var reg 8 h tx_sh [7:0] $end
$upscope $end
$scope task check $end
$var reg 1 i ok $end
$upscope $end
$scope task do_transfer $end
$var reg 1 j cpha_v $end
$var reg 1 k cpol_v $end
$var reg 8 l m_tx [7:0] $end
$var reg 8 m s_tx [7:0] $end
$upscope $end
$upscope $end
$enddefinitions $end
$comment Show the parameter values. $end
$dumpall
b1000 c
b10 U
b10011000100101101000000 T
b100 S
b1 R
b10000 Q
b101 P
b110 O
b0 N
b110 M
b11 L
b100 K
b11 J
b10111110101111000010000000 I
b10011000100101101000000 0
b100 /
b10000 .
b101 -
b110 ,
b10100 +
b10111110101111000010000000 *
$end
#0
$dumpvars
bx m
bx l
xk
xj
xi
bx h
bx g
bx f
bx e
bx d
1b
b0 a
0`
b0 _
0^
b0 ]
b0 \
b0 [
b0 Z
b0 Y
0X
b0 W
b0 V
0H
b0 G
0F
0E
0D
0C
0B
0A
0@
b0 ?
b0 >
bx =
bx <
bx ;
bx :
b0 9
08
b0 7
bx 6
b0 5
14
03
02
01
0)
0(
x'
0&
b0 %
0$
bx #
x"
1!
$end
#10
11
#20
01
#30
11
#40
01
#50
11
#60
01
#70
11
#80
01
#90
04
11
#100
01
#110
11
#120
01
#130
11
#140
01
#150
0j
0k
b11000011 m
b0 l
b0 :
b0 =
11
#160
01
#170
11
#171
b1 Z
18
b11000011 5
b11000011 a
#180
01
#190
1'
0"
b0 g
b0 d
b11000011 h
b0 f
b10111110 6
b0 ;
0!
1)
b1 ]
11
#191
08
#200
01
#210
b1 W
11
#220
01
#230
b10 W
11
#240
01
#250
b10 Z
b11 W
11
#260
01
#270
b0 W
b10 ]
11
#280
01
#290
b1 W
11
#300
01
#310
b10 W
11
#320
01
#330
b11 W
11
#340
01
#350
1H
1D
1F
b100 W
11
#360
01
#370
b1 g
b1 d
0H
0D
b1 ;
0F
b1 \
b1 V
1$
1^
b1 Y
b0 W
11
#380
01
#390
b1 W
11
#400
01
#410
b10 W
11
#420
01
#430
b11 W
11
#440
01
#450
1E
1B
1F
b100 W
11
#460
01
#470
b10000110 h
b10 g
0E
0B
b10 ;
0F
0$
0^
b10 Y
b0 W
11
#480
01
#490
b1 W
11
#500
01
#510
b10 W
11
#520
01
#530
b11 W
11
#540
01
#550
1H
1D
1F
b100 W
11
#560
01
#570
b10 d
b11 g
0H
0D
b11 ;
0F
b11 \
b10 V
1$
1^
b11 Y
b0 W
11
#580
01
#590
b1 W
11
#600
01
#610
b10 W
11
#620
01
#630
b11 W
11
#640
01
#650
1E
1B
1F
b100 W
11
#660
01
#670
0'
b100 g
b1100 h
0E
0B
b100 ;
0F
0$
0^
b100 Y
b0 W
11
#680
01
#690
b1 W
11
#700
01
#710
b10 W
11
#720
01
#730
b11 W
11
#740
01
#750
1H
1D
1F
b100 W
11
#760
01
#770
b101 g
b11 d
0H
0D
b101 ;
0F
b110 \
b11 V
1$
1^
b101 Y
b0 W
11
#780
01
#790
b1 W
11
#800
01
#810
b10 W
11
#820
01
#830
b11 W
11
#840
01
#850
1E
1B
1F
b100 W
11
#860
01
#870
b11000 h
b110 g
0E
0B
b110 ;
0F
0$
0^
b110 Y
b0 W
11
#880
01
#890
b1 W
11
#900
01
#910
b10 W
11
#920
01
#930
b11 W
11
#940
01
#950
1H
1D
1F
b100 W
11
#960
01
#970
b100 d
b111 g
0H
0D
b111 ;
0F
b1100 \
b100 V
1$
1^
b111 Y
b0 W
11
#980
01
#990
b1 W
11
#1000
01
#1010
b10 W
11
#1020
01
#1030
b11 W
11
#1040
01
#1050
1E
1B
1F
b100 W
11
#1060
01
#1070
b1000 g
b110000 h
0E
0B
b1000 ;
0F
0$
0^
b1000 Y
b0 W
11
#1080
01
#1090
b1 W
11
#1100
01
#1110
b10 W
11
#1120
01
#1130
b11 W
11
#1140
01
#1150
1H
1D
1F
b100 W
11
#1160
01
#1170
b1001 g
b101 d
0H
0D
b1001 ;
0F
b11000 \
b101 V
1$
1^
b1001 Y
b0 W
11
#1180
01
#1190
b1 W
11
#1200
01
#1210
b10 W
11
#1220
01
#1230
b11 W
11
#1240
01
#1250
1E
1B
1F
b100 W
11
#1260
01
#1270
b1100000 h
b1010 g
0E
0B
b1010 ;
0F
0$
0^
b1010 Y
b0 W
11
#1280
01
#1290
b1 W
11
#1300
01
#1310
b10 W
11
#1320
01
#1330
b11 W
11
#1340
01
#1350
1H
1D
1F
b100 W
11
#1360
01
#1370
b110 d
b1011 g
0H
0D
b1011 ;
0F
b110000 \
b110 V
1$
1^
b1011 Y
b0 W
11
#1380
01
#1390
b1 W
11
#1400
01
#1410
b10 W
11
#1420
01
#1430
b11 W
11
#1440
01
#1450
1E
1B
1F
b100 W
11
#1460
01
#1470
1'
b1100 g
b11000000 h
0E
0B
b1100 ;
0F
0$
0^
b1100 Y
b0 W
11
#1480
01
#1490
b1 W
11
#1500
01
#1510
b10 W
11
#1520
01
#1530
b11 W
11
#1540
01
#1550
1H
1D
1F
b100 W
11
#1560
01
#1570
b1101 g
b111 d
0H
0@
0D
b1101 ;
0F
b1100001 \
b111 V
1$
1^
b1101 Y
b0 W
11
#1580
01
#1590
b1 W
11
#1600
01
#1610
b10 W
11
#1620
01
#1630
b11 W
11
#1640
01
#1650
1E
1B
1F
b100 W
11
#1660
01
#1670
b10000000 h
b1110 g
0E
0B
b1110 ;
0F
0$
0^
b1110 Y
b0 W
11
#1680
01
#1690
b1 W
11
#1700
01
#1710
b10 W
11
#1720
01
#1730
b11 W
11
#1740
01
#1750
1@
1H
1D
1F
b100 W
11
#1760
01
#1770
1"
b0 #
b0 e
b1000 d
b1111 g
0H
0@
0D
b1111 ;
0F
b1 >
1i
b11000011 %
b11000011 [
b0 V
1$
1^
b1111 Y
b0 W
1(
1X
11
#1780
01
#1790
b1 W
0(
0X
11
#1800
01
#1810
b10 W
11
#1820
01
#1830
b11 W
11
#1840
01
#1850
1E
b11 Z
1B
1A
1F
b100 W
11
#1860
01
#1870
0'
b0 g
b0 h
0E
0B
b10000 ;
0A
0F
0$
0^
b0 Y
b0 W
b11 ]
11
#1880
01
#1890
b1 W
11
#1900
01
#1910
b10 W
11
#1920
01
#1930
b11 W
11
#1940
01
#1950
b100 W
11
#1960
01
#1970
b0 Z
b101 W
11
#1980
01
#1990
b11111000110 7
1!
0)
b0 W
b0 ]
11
#1991
b10000 <
b10101 >
#2000
01
#2010
11
#2020
01
#2030
b111100 m
b11111111 l
b1 :
11
#2040
01
#2050
11
#2051
b1 Z
18
b111100 5
b111100 a
b11111111 9
b11111111 G
#2060
01
#2070
b100000010110 6
b0 ;
0"
b0 d
b111100 h
0!
1)
1&
b1 ]
b11111111 _
11
#2071
08
#2080
01
#2090
b1 W
11
#2100
01
#2110
b10 W
11
#2120
01
#2130
b10 Z
b11 W
11
#2140
01
#2150
b0 W
b10 ]
11
#2160
01
#2170
b1 W
11
#2180
01
#2190
b10 W
11
#2200
01
#2210
b11 W
11
#2220
01
#2230
1H
1D
1F
b100 W
11
#2240
01
#2250
b1 g
b1 d
b1 f
0H
0D
b1 ;
0F
b11000010 \
b1 V
1$
1^
b1 Y
b0 W
11
#2260
01
#2270
b1 W
11
#2280
01
#2290
b10 W
11
#2300
01
#2310
b11 W
11
#2320
01
#2330
1E
1B
1F
b100 W
11
#2340
01
#2350
b1111000 h
b10 g
0E
0B
b10 ;
0F
0$
0^
b10 Y
b0 W
b11111110 _
11
#2360
01
#2370
b1 W
11
#2380
01
#2390
b10 W
11
#2400
01
#2410
b11 W
11
#2420
01
#2430
1H
1D
1F
b100 W
11
#2440
01
#2450
b10 d
b11 f
b11 g
0H
0D
b11 ;
0F
b10000100 \
b10 V
1$
1^
b11 Y
b0 W
11
#2460
01
#2470
b1 W
11
#2480
01
#2490
b10 W
11
#2500
01
#2510
b11 W
11
#2520
01
#2530
1E
1B
1F
b100 W
11
#2540
01
#2550
1'
b100 g
b11110000 h
0E
0B
b100 ;
0F
0$
0^
b100 Y
b0 W
b11111100 _
11
#2560
01
#2570
b1 W
11
#2580
01
#2590
b10 W
11
#2600
01
#2610
b11 W
11
#2620
01
#2630
1H
1D
1F
b100 W
11
#2640
01
#2650
b101 g
b11 d
b111 f
0H
0D
b101 ;
0F
b1001 \
b11 V
1$
1^
b101 Y
b0 W
11
#2660
01
#2670
b1 W
11
#2680
01
#2690
b10 W
11
#2700
01
#2710
b11 W
11
#2720
01
#2730
1E
1B
1F
b100 W
11
#2740
01
#2750
b11100000 h
b110 g
0E
0B
b110 ;
0F
0$
0^
b110 Y
b0 W
b11111000 _
11
#2760
01
#2770
b1 W
11
#2780
01
#2790
b10 W
11
#2800
01
#2810
b11 W
11
#2820
01
#2830
1H
1D
1F
b100 W
11
#2840
01
#2850
b100 d
b1111 f
b111 g
0H
0D
b111 ;
0F
b10011 \
b100 V
1$
1^
b111 Y
b0 W
11
#2860
01
#2870
b1 W
11
#2880
01
#2890
b10 W
11
#2900
01
#2910
b11 W
11
#2920
01
#2930
1E
1B
1F
b100 W
11
#2940
01
#2950
b1000 g
b11000000 h
0E
0B
b1000 ;
0F
0$
0^
b1000 Y
b0 W
b11110000 _
11
#2960
01
#2970
b1 W
11
#2980
01
#2990
b10 W
11
#3000
01
#3010
b11 W
11
#3020
01
#3030
1H
1D
1F
b100 W
11
#3040
01
#3050
b1001 g
b101 d
b11111 f
0H
0D
b1001 ;
0F
b100111 \
b101 V
1$
1^
b1001 Y
b0 W
11
#3060
01
#3070
b1 W
11
#3080
01
#3090
b10 W
11
#3100
01
#3110
b11 W
11
#3120
01
#3130
1E
1B
1F
b100 W
11
#3140
01
#3150
b10000000 h
b1010 g
0E
0B
b1010 ;
0F
0$
0^
b1010 Y
b0 W
b11100000 _
11
#3160
01
#3170
b1 W
11
#3180
01
#3190
b10 W
11
#3200
01
#3210
b11 W
11
#3220
01
#3230
1H
1D
1F
b100 W
11
#3240
01
#3250
b110 d
b111111 f
b1011 g
0H
0D
b1011 ;
0F
b1001111 \
b110 V
1$
1^
b1011 Y
b0 W
11
#3260
01
#3270
b1 W
11
#3280
01
#3290
b10 W
11
#3300
01
#3310
b11 W
11
#3320
01
#3330
1E
1B
1F
b100 W
11
#3340
01
#3350
0'
b1100 g
b0 h
0E
0B
b1100 ;
0F
0$
0^
b1100 Y
b0 W
b11000000 _
11
#3360
01
#3370
b1 W
11
#3380
01
#3390
b10 W
11
#3400
01
#3410
b11 W
11
#3420
01
#3430
1H
1D
1F
b100 W
11
#3440
01
#3450
b1101 g
b111 d
b1111111 f
0H
0@
0D
b1101 ;
0F
b10011110 \
b111 V
1$
1^
b1101 Y
b0 W
11
#3460
01
#3470
b1 W
11
#3480
01
#3490
b10 W
11
#3500
01
#3510
b11 W
11
#3520
01
#3530
1E
1B
1F
b100 W
11
#3540
01
#3550
b1110 g
0E
0B
b1110 ;
0F
0$
0^
b1110 Y
b0 W
b10000000 _
11
#3560
01
#3570
b1 W
11
#3580
01
#3590
b10 W
11
#3600
01
#3610
b11 W
11
#3620
01
#3630
1@
1H
1D
1F
b100 W
11
#3640
01
#3650
1"
b11111111 #
b11111111 e
b1000 d
b11111111 f
b1111 g
0H
0@
0D
b1111 ;
0F
b10110 >
b111100 %
b111100 [
b0 V
1$
1^
b1111 Y
b0 W
1(
1X
11
#3660
01
#3670
b1 W
0(
0X
11
#3680
01
#3690
b10 W
11
#3700
01
#3710
b11 W
11
#3720
01
#3730
1E
b11 Z
1B
1A
1F
b100 W
11
#3740
01
#3750
b0 g
0E
0B
b10000 ;
0A
0F
0&
0$
0^
b0 Y
b0 W
b11 ]
b0 _
11
#3760
01
#3770
b1 W
11
#3780
01
#3790
b10 W
11
#3800
01
#3810
b11 W
11
#3820
01
#3830
b100 W
11
#3840
01
#3850
b0 Z
b101 W
11
#3860
01
#3870
b111100011110 7
1!
0)
b0 W
b0 ]
11
#3871
b10000 <
b101010 >
#3880
01
#3890
11
#3900
01
#3910
b1100110 m
b10100101 l
b10 :
11
#3920
01
#3930
11
#3931
b1 Z
18
b1100110 5
b1100110 a
b10100101 9
b10100101 G
#3940
01
#3950
0"
b0 d
b1100110 h
b0 f
b111101101110 6
b0 ;
0!
1)
1&
b1 ]
b10100101 _
11
#3951
08
#3960
01
#3970
b1 W
11
#3980
01
#3990
b10 W
11
#4000
01
#4010
b10 Z
b11 W
11
#4020
01
#4030
b0 W
b10 ]
11
#4040
01
#4050
b1 W
11
#4060
01
#4070
b10 W
11
#4080
01
#4090
b11 W
11
#4100
01
#4110
1H
1D
1F
b100 W
11
#4120
01
#4130
b1 g
b1 d
b1 f
0H
0D
b1 ;
0F
b111100 \
b1 V
1$
1^
b1 Y
b0 W
11
#4140
01
#4150
b1 W
11
#4160
01
#4170
b10 W
11
#4180
01
#4190
b11 W
11
#4200
01
#4210
1E
1B
1F
b100 W
11
#4220
01
#4230
1'
b11001100 h
b10 g
0E
0B
b10 ;
0F
0&
0$
0^
b10 Y
b0 W
b1001010 _
11
#4240
01
#4250
b1 W
11
#4260
01
#4270
b10 W
11
#4280
01
#4290
b11 W
11
#4300
01
#4310
1H
1D
1F
b100 W
11
#4320
01
#4330
b10 d
b10 f
b11 g
0H
0D
b11 ;
0F
b1111001 \
b10 V
1$
1^
b11 Y
b0 W
11
#4340
01
#4350
b1 W
11
#4360
01
#4370
b10 W
11
#4380
01
#4390
b11 W
11
#4400
01
#4410
1E
1B
1F
b100 W
11
#4420
01
#4430
b100 g
b10011000 h
0E
0B
b100 ;
0F
1&
0$
0^
b100 Y
b0 W
b10010100 _
11
#4440
01
#4450
b1 W
11
#4460
01
#4470
b10 W
11
#4480
01
#4490
b11 W
11
#4500
01
#4510
1H
1D
1F
b100 W
11
#4520
01
#4530
b101 g
b11 d
b101 f
0H
0D
b101 ;
0F
b11110011 \
b11 V
1$
1^
b101 Y
b0 W
11
#4540
01
#4550
b1 W
11
#4560
01
#4570
b10 W
11
#4580
01
#4590
b11 W
11
#4600
01
#4610
1E
1B
1F
b100 W
11
#4620
01
#4630
0'
b110000 h
b110 g
0E
0B
b110 ;
0F
0&
0$
0^
b110 Y
b0 W
b101000 _
11
#4640
01
#4650
b1 W
11
#4660
01
#4670
b10 W
11
#4680
01
#4690
b11 W
11
#4700
01
#4710
1H
1D
1F
b100 W
11
#4720
01
#4730
b100 d
b1010 f
b111 g
0H
0D
b111 ;
0F
b11100110 \
b100 V
1$
1^
b111 Y
b0 W
11
#4740
01
#4750
b1 W
11
#4760
01
#4770
b10 W
11
#4780
01
#4790
b11 W
11
#4800
01
#4810
1E
1B
1F
b100 W
11
#4820
01
#4830
b1000 g
b1100000 h
0E
0B
b1000 ;
0F
0$
0^
b1000 Y
b0 W
b1010000 _
11
#4840
01
#4850
b1 W
11
#4860
01
#4870
b10 W
11
#4880
01
#4890
b11 W
11
#4900
01
#4910
1H
1D
1F
b100 W
11
#4920
01
#4930
b1001 g
b101 d
b10100 f
0H
0D
b1001 ;
0F
b11001100 \
b101 V
1$
1^
b1001 Y
b0 W
11
#4940
01
#4950
b1 W
11
#4960
01
#4970
b10 W
11
#4980
01
#4990
b11 W
11
#5000
01
#5010
1E
1B
1F
b100 W
11
#5020
01
#5030
1'
b11000000 h
b1010 g
0E
0B
b1010 ;
0F
1&
0$
0^
b1010 Y
b0 W
b10100000 _
11
#5040
01
#5050
b1 W
11
#5060
01
#5070
b10 W
11
#5080
01
#5090
b11 W
11
#5100
01
#5110
1H
1D
1F
b100 W
11
#5120
01
#5130
b110 d
b101001 f
b1011 g
0H
0D
b1011 ;
0F
b10011001 \
b110 V
1$
1^
b1011 Y
b0 W
11
#5140
01
#5150
b1 W
11
#5160
01
#5170
b10 W
11
#5180
01
#5190
b11 W
11
#5200
01
#5210
1E
1B
1F
b100 W
11
#5220
01
#5230
b1100 g
b10000000 h
0E
0B
b1100 ;
0F
0&
0$
0^
b1100 Y
b0 W
b1000000 _
11
#5240
01
#5250
b1 W
11
#5260
01
#5270
b10 W
11
#5280
01
#5290
b11 W
11
#5300
01
#5310
1H
1D
1F
b100 W
11
#5320
01
#5330
b1101 g
b111 d
b1010010 f
0H
0@
0D
b1101 ;
0F
b110011 \
b111 V
1$
1^
b1101 Y
b0 W
11
#5340
01
#5350
b1 W
11
#5360
01
#5370
b10 W
11
#5380
01
#5390
b11 W
11
#5400
01
#5410
1E
1B
1F
b100 W
11
#5420
01
#5430
0'
b0 h
b1110 g
0E
0B
b1110 ;
0F
1&
0$
0^
b1110 Y
b0 W
b10000000 _
11
#5440
01
#5450
b1 W
11
#5460
01
#5470
b10 W
11
#5480
01
#5490
b11 W
11
#5500
01
#5510
1@
1H
1D
1F
b100 W
11
#5520
01
#5530
1"
b10100101 #
b10100101 e
b1000 d
b10100101 f
b1111 g
0H
0@
0D
b1111 ;
0F
b101011 >
b1100110 %
b1100110 [
b0 V
1$
1^
b1111 Y
b0 W
1(
1X
11
#5540
01
#5550
b1 W
0(
0X
11
#5560
01
#5570
b10 W
11
#5580
01
#5590
b11 W
11
#5600
01
#5610
1E
b11 Z
1B
1A
1F
b100 W
11
#5620
01
#5630
b0 g
0E
0B
b10000 ;
0A
0F
0&
0$
0^
b0 Y
b0 W
b11 ]
b0 _
11
#5640
01
#5650
b1 W
11
#5660
01
#5670
b10 W
11
#5680
01
#5690
b11 W
11
#5700
01
#5710
b100 W
11
#5720
01
#5730
b0 Z
b101 W
11
#5740
01
#5750
b1011001110110 7
1!
0)
b0 W
b0 ]
11
#5751
b10000 <
b111111 >
#5760
01
#5770
11
#5780
01
#5790
b10011001 m
b1011010 l
b11 :
11
#5800
01
#5810
11
#5811
b1 Z
18
b10011001 5
b10011001 a
b1011010 9
b1011010 G
#5820
01
#5830
1'
b1011011000110 6
b0 ;
b0 f
0"
b0 d
b10011001 h
0!
1)
b1 ]
b1011010 _
11
#5831
08
#5840
01
#5850
b1 W
11
#5860
01
#5870
b10 W
11
#5880
01
#5890
b10 Z
b11 W
11
#5900
01
#5910
b0 W
b10 ]
11
#5920
01
#5930
b1 W
11
#5940
01
#5950
b10 W
11
#5960
01
#5970
b11 W
11
#5980
01
#5990
1H
1D
1F
b100 W
11
#6000
01
#6010
b1 g
b1 d
0H
0D
b1 ;
0F
b1100111 \
b1 V
1$
1^
b1 Y
b0 W
11
#6020
01
#6030
b1 W
11
#6040
01
#6050
b10 W
11
#6060
01
#6070
b11 W
11
#6080
01
#6090
1E
1B
1F
b100 W
11
#6100
01
#6110
0'
b110010 h
b10 g
0E
0B
b10 ;
0F
1&
0$
0^
b10 Y
b0 W
b10110100 _
11
#6120
01
#6130
b1 W
11
#6140
01
#6150
b10 W
11
#6160
01
#6170
b11 W
11
#6180
01
#6190
1H
1D
1F
b100 W
11
#6200
01
#6210
b10 d
b1 f
b11 g
0H
0D
b11 ;
0F
b11001110 \
b10 V
1$
1^
b11 Y
b0 W
11
#6220
01
#6230
b1 W
11
#6240
01
#6250
b10 W
11
#6260
01
#6270
b11 W
11
#6280
01
#6290
1E
1B
1F
b100 W
11
#6300
01
#6310
b100 g
b1100100 h
0E
0B
b100 ;
0F
0&
0$
0^
b100 Y
b0 W
b1101000 _
11
#6320
01
#6330
b1 W
11
#6340
01
#6350
b10 W
11
#6360
01
#6370
b11 W
11
#6380
01
#6390
1H
1D
1F
b100 W
11
#6400
01
#6410
b101 g
b11 d
b10 f
0H
0D
b101 ;
0F
b10011100 \
b11 V
1$
1^
b101 Y
b0 W
11
#6420
01
#6430
b1 W
11
#6440
01
#6450
b10 W
11
#6460
01
#6470
b11 W
11
#6480
01
#6490
1E
1B
1F
b100 W
11
#6500
01
#6510
1'
b11001000 h
b110 g
0E
0B
b110 ;
0F
1&
0$
0^
b110 Y
b0 W
b11010000 _
11
#6520
01
#6530
b1 W
11
#6540
01
#6550
b10 W
11
#6560
01
#6570
b11 W
11
#6580
01
#6590
1H
1D
1F
b100 W
11
#6600
01
#6610
b100 d
b101 f
b111 g
0H
0D
b111 ;
0F
b111001 \
b100 V
1$
1^
b111 Y
b0 W
11
#6620
01
#6630
b1 W
11
#6640
01
#6650
b10 W
11
#6660
01
#6670
b11 W
11
#6680
01
#6690
1E
1B
1F
b100 W
11
#6700
01
#6710
b1000 g
b10010000 h
0E
0B
b1000 ;
0F
0$
0^
b1000 Y
b0 W
b10100000 _
11
#6720
01
#6730
b1 W
11
#6740
01
#6750
b10 W
11
#6760
01
#6770
b11 W
11
#6780
01
#6790
1H
1D
1F
b100 W
11
#6800
01
#6810
b1001 g
b101 d
b1011 f
0H
0D
b1001 ;
0F
b1110011 \
b101 V
1$
1^
b1001 Y
b0 W
11
#6820
01
#6830
b1 W
11
#6840
01
#6850
b10 W
11
#6860
01
#6870
b11 W
11
#6880
01
#6890
1E
1B
1F
b100 W
11
#6900
01
#6910
0'
b100000 h
b1010 g
0E
0B
b1010 ;
0F
0&
0$
0^
b1010 Y
b0 W
b1000000 _
11
#6920
01
#6930
b1 W
11
#6940
01
#6950
b10 W
11
#6960
01
#6970
b11 W
11
#6980
01
#6990
1H
1D
1F
b100 W
11
#7000
01
#7010
b110 d
b10110 f
b1011 g
0H
0D
b1011 ;
0F
b11100110 \
b110 V
1$
1^
b1011 Y
b0 W
11
#7020
01
#7030
b1 W
11
#7040
01
#7050
b10 W
11
#7060
01
#7070
b11 W
11
#7080
01
#7090
1E
1B
1F
b100 W
11
#7100
01
#7110
b1100 g
b1000000 h
0E
0B
b1100 ;
0F
1&
0$
0^
b1100 Y
b0 W
b10000000 _
11
#7120
01
#7130
b1 W
11
#7140
01
#7150
b10 W
11
#7160
01
#7170
b11 W
11
#7180
01
#7190
1H
1D
1F
b100 W
11
#7200
01
#7210
b1101 g
b111 d
b101101 f
0H
0@
0D
b1101 ;
0F
b11001100 \
b111 V
1$
1^
b1101 Y
b0 W
11
#7220
01
#7230
b1 W
11
#7240
01
#7250
b10 W
11
#7260
01
#7270
b11 W
11
#7280
01
#7290
1E
1B
1F
b100 W
11
#7300
01
#7310
1'
b10000000 h
b1110 g
0E
0B
b1110 ;
0F
0&
0$
0^
b1110 Y
b0 W
b0 _
11
#7320
01
#7330
b1 W
11
#7340
01
#7350
b10 W
11
#7360
01
#7370
b11 W
11
#7380
01
#7390
1@
1H
1D
1F
b100 W
11
#7400
01
#7410
1"
b1011010 #
b1011010 e
b1000 d
b1011010 f
b1111 g
0H
0@
0D
b1111 ;
0F
b1000000 >
b10011001 %
b10011001 [
b0 V
1$
1^
b1111 Y
b0 W
1(
1X
11
#7420
01
#7430
b1 W
0(
0X
11
#7440
01
#7450
b10 W
11
#7460
01
#7470
b11 W
11
#7480
01
#7490
1E
b11 Z
1B
1A
1F
b100 W
11
#7500
01
#7510
0'
b0 g
b0 h
0E
0B
b10000 ;
0A
0F
0$
0^
b0 Y
b0 W
b11 ]
11
#7520
01
#7530
b1 W
11
#7540
01
#7550
b10 W
11
#7560
01
#7570
b11 W
11
#7580
01
#7590
b100 W
11
#7600
01
#7610
b0 Z
b101 W
11
#7620
01
#7630
b1110111001110 7
1!
0)
b0 W
b0 ]
11
#7631
b10000 <
b1010100 >
#7640
01
#7650
11
#7660
01
#7670
b11111111 m
b111100 l
b100 :
11
#7680
01
#7690
11
#7691
b1 Z
18
b11111111 5
b11111111 a
b111100 9
b111100 G
#7700
01
#7710
1'
0"
b0 d
b11111111 h
b0 f
b1111000011110 6
b0 ;
0!
1)
b1 ]
b111100 _
11
#7711
08
#7720
01
#7730
b1 W
11
#7740
01
#7750
b10 W
11
#7760
01
#7770
b10 Z
b11 W
11
#7780
01
#7790
b0 W
b10 ]
11
#7800
01
#7810
b1 W
11
#7820
01
#7830
b10 W
11
#7840
01
#7850
b11 W
11
#7860
01
#7870
1H
1D
1F
b100 W
11
#7880
01
#7890
b1 g
b1 d
0H
0D
b1 ;
0F
b10011001 \
b1 V
1$
1^
b1 Y
b0 W
11
#7900
01
#7910
b1 W
11
#7920
01
#7930
b10 W
11
#7940
01
#7950
b11 W
11
#7960
01
#7970
1E
1B
1F
b100 W
11
#7980
01
#7990
b11111110 h
b10 g
0E
0B
b10 ;
0F
0$
0^
b10 Y
b0 W
b1111000 _
11
#8000
01
#8010
b1 W
11
#8020
01
#8030
b10 W
11
#8040
01
#8050
b11 W
11
#8060
01
#8070
1H
1D
1F
b100 W
11
#8080
01
#8090
b10 d
b11 g
0H
0D
b11 ;
0F
b110011 \
b10 V
1$
1^
b11 Y
b0 W
11
#8100
01
#8110
b1 W
11
#8120
01
#8130
b10 W
11
#8140
01
#8150
b11 W
11
#8160
01
#8170
1E
1B
1F
b100 W
11
#8180
01
#8190
b100 g
b11111100 h
0E
0B
b100 ;
0F
1&
0$
0^
b100 Y
b0 W
b11110000 _
11
#8200
01
#8210
b1 W
11
#8220
01
#8230
b10 W
11
#8240
01
#8250
b11 W
11
#8260
01
#8270
1H
1D
1F
b100 W
11
#8280
01
#8290
b101 g
b11 d
b1 f
0H
0D
b101 ;
0F
b1100111 \
b11 V
1$
1^
b101 Y
b0 W
11
#8300
01
#8310
b1 W
11
#8320
01
#8330
b10 W
11
#8340
01
#8350
b11 W
11
#8360
01
#8370
1E
1B
1F
b100 W
11
#8380
01
#8390
b11111000 h
b110 g
0E
0B
b110 ;
0F
0$
0^
b110 Y
b0 W
b11100000 _
11
#8400
01
#8410
b1 W
11
#8420
01
#8430
b10 W
11
#8440
01
#8450
b11 W
11
#8460
01
#8470
1H
1D
1F
b100 W
11
#8480
01
#8490
b100 d
b11 f
b111 g
0H
0D
b111 ;
0F
b11001111 \
b100 V
1$
1^
b111 Y
b0 W
11
#8500
01
#8510
b1 W
11
#8520
01
#8530
b10 W
11
#8540
01
#8550
b11 W
11
#8560
01
#8570
1E
1B
1F
b100 W
11
#8580
01
#8590
b1000 g
b11110000 h
0E
0B
b1000 ;
0F
0$
0^
b1000 Y
b0 W
b11000000 _
11
#8600
01
#8610
b1 W
11
#8620
01
#8630
b10 W
11
#8640
01
#8650
b11 W
11
#8660
01
#8670
1H
1D
1F
b100 W
11
#8680
01
#8690
b1001 g
b101 d
b111 f
0H
0D
b1001 ;
0F
b10011111 \
b101 V
1$
1^
b1001 Y
b0 W
11
#8700
01
#8710
b1 W
11
#8720
01
#8730
b10 W
11
#8740
01
#8750
b11 W
11
#8760
01
#8770
1E
1B
1F
b100 W
11
#8780
01
#8790
b11100000 h
b1010 g
0E
0B
b1010 ;
0F
0$
0^
b1010 Y
b0 W
b10000000 _
11
#8800
01
#8810
b1 W
11
#8820
01
#8830
b10 W
11
#8840
01
#8850
b11 W
11
#8860
01
#8870
1H
1D
1F
b100 W
11
#8880
01
#8890
b110 d
b1111 f
b1011 g
0H
0D
b1011 ;
0F
b111111 \
b110 V
1$
1^
b1011 Y
b0 W
11
#8900
01
#8910
b1 W
11
#8920
01
#8930
b10 W
11
#8940
01
#8950
b11 W
11
#8960
01
#8970
1E
1B
1F
b100 W
11
#8980
01
#8990
b1100 g
b11000000 h
0E
0B
b1100 ;
0F
0&
0$
0^
b1100 Y
b0 W
b0 _
11
#9000
01
#9010
b1 W
11
#9020
01
#9030
b10 W
11
#9040
01
#9050
b11 W
11
#9060
01
#9070
1H
1D
1F
b100 W
11
#9080
01
#9090
b1101 g
b111 d
b11110 f
0H
0@
0D
b1101 ;
0F
b1111111 \
b111 V
1$
1^
b1101 Y
b0 W
11
#9100
01
#9110
b1 W
11
#9120
01
#9130
b10 W
11
#9140
01
#9150
b11 W
11
#9160
01
#9170
1E
1B
1F
b100 W
11
#9180
01
#9190
b10000000 h
b1110 g
0E
0B
b1110 ;
0F
0$
0^
b1110 Y
b0 W
11
#9200
01
#9210
b1 W
11
#9220
01
#9230
b10 W
11
#9240
01
#9250
b11 W
11
#9260
01
#9270
1@
1H
1D
1F
b100 W
11
#9280
01
#9290
1"
b111100 #
b111100 e
b1000 d
b111100 f
b1111 g
0H
0@
0D
b1111 ;
0F
b1010101 >
b11111111 %
b11111111 [
b0 V
1$
1^
b1111 Y
b0 W
1(
1X
11
#9300
01
#9310
b1 W
0(
0X
11
#9320
01
#9330
b10 W
11
#9340
01
#9350
b11 W
11
#9360
01
#9370
1E
b11 Z
1B
1A
1F
b100 W
11
#9380
01
#9390
0'
b0 g
b0 h
0E
0B
b10000 ;
0A
0F
0$
0^
b0 Y
b0 W
b11 ]
11
#9400
01
#9410
b1 W
11
#9420
01
#9430
b10 W
11
#9440
01
#9450
b11 W
11
#9460
01
#9470
b100 W
11
#9480
01
#9490
b0 Z
b101 W
11
#9500
01
#9510
b10010100100110 7
1!
0)
b0 W
b0 ]
11
#9511
b10000 <
b1101001 >
#9520
01
#9530
11
#9540
01
#9550
b1000010 m
b10000001 l
b101 :
11
#9560
01
#9570
11
#9571
b1 Z
18
b1000010 5
b1000010 a
b10000001 9
b10000001 G
#9580
01
#9590
b10010101110110 6
b0 ;
b0 f
0"
b0 d
b1000010 h
0!
1)
1&
b1 ]
b10000001 _
11
#9591
08
#9600
01
#9610
b1 W
11
#9620
01
#9630
b10 W
11
#9640
01
#9650
b10 Z
b11 W
11
#9660
01
#9670
b0 W
b10 ]
11
#9680
01
#9690
b1 W
11
#9700
01
#9710
b10 W
11
#9720
01
#9730
b11 W
11
#9740
01
#9750
1H
1D
1F
b100 W
11
#9760
01
#9770
b1 g
b1 d
b1 f
0H
0D
b1 ;
0F
b11111110 \
b1 V
1$
1^
b1 Y
b0 W
11
#9780
01
#9790
b1 W
11
#9800
01
#9810
b10 W
11
#9820
01
#9830
b11 W
11
#9840
01
#9850
1E
1B
1F
b100 W
11
#9860
01
#9870
1'
b10000100 h
b10 g
0E
0B
b10 ;
0F
0&
0$
0^
b10 Y
b0 W
b10 _
11
#9880
01
#9890
b1 W
11
#9900
01
#9910
b10 W
11
#9920
01
#9930
b11 W
11
#9940
01
#9950
1H
1D
1F
b100 W
11
#9960
01
#9970
b10 d
b10 f
b11 g
0H
0D
b11 ;
0F
b11111101 \
b10 V
1$
1^
b11 Y
b0 W
11
#9980
01
#9990
b1 W
11
#10000
01
#10010
b10 W
11
#10020
01
#10030
b11 W
11
#10040
01
#10050
1E
1B
1F
b100 W
11
#10060
01
#10070
0'
b100 g
b1000 h
0E
0B
b100 ;
0F
0$
0^
b100 Y
b0 W
b100 _
11
#10080
01
#10090
b1 W
11
#10100
01
#10110
b10 W
11
#10120
01
#10130
b11 W
11
#10140
01
#10150
1H
1D
1F
b100 W
11
#10160
01
#10170
b101 g
b11 d
b100 f
0H
0D
b101 ;
0F
b11111010 \
b11 V
1$
1^
b101 Y
b0 W
11
#10180
01
#10190
b1 W
11
#10200
01
#10210
b10 W
11
#10220
01
#10230
b11 W
11
#10240
01
#10250
1E
1B
1F
b100 W
11
#10260
01
#10270
b10000 h
b110 g
0E
0B
b110 ;
0F
0$
0^
b110 Y
b0 W
b1000 _
11
#10280
01
#10290
b1 W
11
#10300
01
#10310
b10 W
11
#10320
01
#10330
b11 W
11
#10340
01
#10350
1H
1D
1F
b100 W
11
#10360
01
#10370
b100 d
b1000 f
b111 g
0H
0D
b111 ;
0F
b11110100 \
b100 V
1$
1^
b111 Y
b0 W
11
#10380
01
#10390
b1 W
11
#10400
01
#10410
b10 W
11
#10420
01
#10430
b11 W
11
#10440
01
#10450
1E
1B
1F
b100 W
11
#10460
01
#10470
b1000 g
b100000 h
0E
0B
b1000 ;
0F
0$
0^
b1000 Y
b0 W
b10000 _
11
#10480
01
#10490
b1 W
11
#10500
01
#10510
b10 W
11
#10520
01
#10530
b11 W
11
#10540
01
#10550
1H
1D
1F
b100 W
11
#10560
01
#10570
b1001 g
b101 d
b10000 f
0H
0D
b1001 ;
0F
b11101000 \
b101 V
1$
1^
b1001 Y
b0 W
11
#10580
01
#10590
b1 W
11
#10600
01
#10610
b10 W
11
#10620
01
#10630
b11 W
11
#10640
01
#10650
1E
1B
1F
b100 W
11
#10660
01
#10670
b1000000 h
b1010 g
0E
0B
b1010 ;
0F
0$
0^
b1010 Y
b0 W
b100000 _
11
#10680
01
#10690
b1 W
11
#10700
01
#10710
b10 W
11
#10720
01
#10730
b11 W
11
#10740
01
#10750
1H
1D
1F
b100 W
11
#10760
01
#10770
b110 d
b100000 f
b1011 g
0H
0D
b1011 ;
0F
b11010000 \
b110 V
1$
1^
b1011 Y
b0 W
11
#10780
01
#10790
b1 W
11
#10800
01
#10810
b10 W
11
#10820
01
#10830
b11 W
11
#10840
01
#10850
1E
1B
1F
b100 W
11
#10860
01
#10870
1'
b1100 g
b10000000 h
0E
0B
b1100 ;
0F
0$
0^
b1100 Y
b0 W
b1000000 _
11
#10880
01
#10890
b1 W
11
#10900
01
#10910
b10 W
11
#10920
01
#10930
b11 W
11
#10940
01
#10950
1H
1D
1F
b100 W
11
#10960
01
#10970
b1101 g
b111 d
b1000000 f
0H
0@
0D
b1101 ;
0F
b10100001 \
b111 V
1$
1^
b1101 Y
b0 W
11
#10980
01
#10990
b1 W
11
#11000
01
#11010
b10 W
11
#11020
01
#11030
b11 W
11
#11040
01
#11050
1E
1B
1F
b100 W
11
#11060
01
#11070
0'
b0 h
b1110 g
0E
0B
b1110 ;
0F
1&
0$
0^
b1110 Y
b0 W
b10000000 _
11
#11080
01
#11090
b1 W
11
#11100
01
#11110
b10 W
11
#11120
01
#11130
b11 W
11
#11140
01
#11150
1@
1H
1D
1F
b100 W
11
#11160
01
#11170
1"
b10000001 #
b10000001 e
b1000 d
b10000001 f
b1111 g
0H
0@
0D
b1111 ;
0F
b1101010 >
b1000010 %
b1000010 [
b0 V
1$
1^
b1111 Y
b0 W
1(
1X
11
#11180
01
#11190
b1 W
0(
0X
11
#11200
01
#11210
b10 W
11
#11220
01
#11230
b11 W
11
#11240
01
#11250
1E
b11 Z
1B
1A
1F
b100 W
11
#11260
01
#11270
b0 g
0E
0B
b10000 ;
0A
0F
0&
0$
0^
b0 Y
b0 W
b11 ]
b0 _
11
#11280
01
#11290
b1 W
11
#11300
01
#11310
b10 W
11
#11320
01
#11330
b11 W
11
#11340
01
#11350
b100 W
11
#11360
01
#11370
b0 Z
b101 W
11
#11380
01
#11390
b10110001111110 7
1!
0)
b0 W
b0 ]
11
#11391
b10000 <
b1111110 >
#11400
01
#11410
11
#11420
01
#11430
1j
b11000011 m
b0 l
b1 =
b0 :
11
#11440
01
#11450
11
#11451
b1 Z
1C
1`
0b
18
b11000011 5
b11000011 a
b0 9
b0 G
12
#11460
01
#11470
1'
0"
b0 d
b11000011 h
b0 f
b10110011001110 6
b0 ;
0!
1)
b1 ]
11
#11471
08
#11480
01
#11490
b1 W
11
#11500
01
#11510
b10 W
11
#11520
01
#11530
b10 Z
b11 W
11
#11540
01
#11550
b0 W
b10 ]
11
#11560
01
#11570
b1 W
11
#11580
01
#11590
b10 W
11
#11600
01
#11610
b11 W
11
#11620
01
#11630
1D
1F
b100 W
11
#11640
01
#11650
1b
b1 g
0E
0D
b1 ;
0F
1$
1^
b1 Y
b0 W
11
#11660
01
#11670
b1 W
11
#11680
01
#11690
b10 W
11
#11700
01
#11710
b11 W
11
#11720
01
#11730
1H
1B
1F
b100 W
11
#11740
01
#11750
b1 d
b10 g
0H
0B
b10 ;
0F
0$
0^
b10 Y
b0 W
b1000011 \
b1 V
11
#11760
01
#11770
b1 W
11
#11780
01
#11790
b10 W
11
#11800
01
#11810
b11 W
11
#11820
01
#11830
1E
1D
1F
b100 W
11
#11840
01
#11850
b10000110 h
b11 g
0E
0D
b11 ;
0F
1$
1^
b11 Y
b0 W
11
#11860
01
#11870
b1 W
11
#11880
01
#11890
b10 W
11
#11900
01
#11910
b11 W
11
#11920
01
#11930
1H
1B
1F
b100 W
11
#11940
01
#11950
b100 g
b10 d
0H
0B
b100 ;
0F
0$
0^
b100 Y
b0 W
b10000111 \
b10 V
11
#11960
01
#11970
b1 W
11
#11980
01
#11990
b10 W
11
#12000
01
#12010
b11 W
11
#12020
01
#12030
1E
1D
1F
b100 W
11
#12040
01
#12050
0'
b101 g
b1100 h
0E
0D
b101 ;
0F
1$
1^
b101 Y
b0 W
11
#12060
01
#12070
b1 W
11
#12080
01
#12090
b10 W
11
#12100
01
#12110
b11 W
11
#12120
01
#12130
1H
1B
1F
b100 W
11
#12140
01
#12150
b11 d
b110 g
0H
0B
b110 ;
0F
0$
0^
b110 Y
b0 W
b1110 \
b11 V
11
#12160
01
#12170
b1 W
11
#12180
01
#12190
b10 W
11
#12200
01
#12210
b11 W
11
#12220
01
#12230
1E
1D
1F
b100 W
11
#12240
01
#12250
b11000 h
b111 g
0E
0D
b111 ;
0F
1$
1^
b111 Y
b0 W
11
#12260
01
#12270
b1 W
11
#12280
01
#12290
b10 W
11
#12300
01
#12310
b11 W
11
#12320
01
#12330
1H
1B
1F
b100 W
11
#12340
01
#12350
b1000 g
b100 d
0H
0B
b1000 ;
0F
0$
0^
b1000 Y
b0 W
b11100 \
b100 V
11
#12360
01
#12370
b1 W
11
#12380
01
#12390
b10 W
11
#12400
01
#12410
b11 W
11
#12420
01
#12430
1E
1D
1F
b100 W
11
#12440
01
#12450
b1001 g
b110000 h
0E
0D
b1001 ;
0F
1$
1^
b1001 Y
b0 W
11
#12460
01
#12470
b1 W
11
#12480
01
#12490
b10 W
11
#12500
01
#12510
b11 W
11
#12520
01
#12530
1H
1B
1F
b100 W
11
#12540
01
#12550
b101 d
b1010 g
0H
0B
b1010 ;
0F
0$
0^
b1010 Y
b0 W
b111000 \
b101 V
11
#12560
01
#12570
b1 W
11
#12580
01
#12590
b10 W
11
#12600
01
#12610
b11 W
11
#12620
01
#12630
1E
1D
1F
b100 W
11
#12640
01
#12650
b1100000 h
b1011 g
0E
0D
b1011 ;
0F
1$
1^
b1011 Y
b0 W
11
#12660
01
#12670
b1 W
11
#12680
01
#12690
b10 W
11
#12700
01
#12710
b11 W
11
#12720
01
#12730
1H
1B
1F
b100 W
11
#12740
01
#12750
b1100 g
b110 d
0H
0B
b1100 ;
0F
0$
0^
b1100 Y
b0 W
b1110000 \
b110 V
11
#12760
01
#12770
b1 W
11
#12780
01
#12790
b10 W
11
#12800
01
#12810
b11 W
11
#12820
01
#12830
1E
1D
1F
b100 W
11
#12840
01
#12850
1'
b1101 g
b11000000 h
0E
0D
b1101 ;
0F
1$
1^
b1101 Y
b0 W
11
#12860
01
#12870
b1 W
11
#12880
01
#12890
b10 W
11
#12900
01
#12910
b11 W
11
#12920
01
#12930
1H
1B
1F
b100 W
11
#12940
01
#12950
b111 d
b1110 g
0H
0B
b1110 ;
0F
0@
0$
0^
b1110 Y
b0 W
b11100001 \
b111 V
11
#12960
01
#12970
b1 W
11
#12980
01
#12990
b10 W
11
#13000
01
#13010
b11 W
11
#13020
01
#13030
1E
1D
1F
b100 W
11
#13040
01
#13050
b10000000 h
b1111 g
0E
0D
b1111 ;
0F
1$
1^
b1111 Y
b0 W
11
#13060
01
#13070
b1 W
11
#13080
01
#13090
b10 W
11
#13100
01
#13110
b11 W
11
#13120
01
#13130
1@
1H
b11 Z
1B
1A
1F
b100 W
11
#13140
01
#13150
0b
b0 g
1"
b0 #
b0 e
b1000 d
0H
0B
b10000 ;
0A
b1111111 >
0F
0@
0$
0^
b0 Y
b0 W
1(
1X
b11 ]
b11000011 %
b11000011 [
b0 V
11
#13160
01
#13170
b1 W
0(
0X
11
#13180
01
#13190
b10 W
11
#13200
01
#13210
b11 W
11
#13220
01
#13230
b100 W
11
#13240
01
#13250
b0 Z
b101 W
11
#13260
01
#13270
b11001111010110 7
1!
0)
b0 W
b0 ]
11
#13271
b10000 <
b10010011 >
#13280
01
#13290
11
#13300
01
#13310
b111100 m
b11111111 l
b1 :
11
#13320
01
#13330
11
#13331
b1 Z
18
b111100 5
b111100 a
b11111111 9
b11111111 G
#13340
01
#13350
0'
b11010000100110 6
b0 ;
0"
b0 d
b111100 h
0!
1)
1&
b1 ]
b11111111 _
11
#13351
08
#13360
01
#13370
b1 W
11
#13380
01
#13390
b10 W
11
#13400
01
#13410
b10 Z
b11 W
11
#13420
01
#13430
b0 W
b10 ]
11
#13440
01
#13450
b1 W
11
#13460
01
#13470
b10 W
11
#13480
01
#13490
b11 W
11
#13500
01
#13510
1D
1F
b100 W
11
#13520
01
#13530
1b
b1 g
0E
0D
b1 ;
0F
1$
1^
b1 Y
b0 W
11
#13540
01
#13550
b1 W
11
#13560
01
#13570
b10 W
11
#13580
01
#13590
b11 W
11
#13600
01
#13610
1H
1B
1F
b100 W
11
#13620
01
#13630
b1 d
b1 f
b10 g
0H
0B
b10 ;
0F
0$
0^
b10 Y
b0 W
b11000010 \
b1 V
11
#13640
01
#13650
b1 W
11
#13660
01
#13670
b10 W
11
#13680
01
#13690
b11 W
11
#13700
01
#13710
1E
1D
1F
b100 W
11
#13720
01
#13730
b1111000 h
b11 g
0E
0D
b11 ;
0F
b11111110 _
1$
1^
b11 Y
b0 W
11
#13740
01
#13750
b1 W
11
#13760
01
#13770
b10 W
11
#13780
01
#13790
b11 W
11
#13800
01
#13810
1H
1B
1F
b100 W
11
#13820
01
#13830
b100 g
b10 d
b11 f
0H
0B
b100 ;
0F
0$
0^
b100 Y
b0 W
b10000100 \
b10 V
11
#13840
01
#13850
b1 W
11
#13860
01
#13870
b10 W
11
#13880
01
#13890
b11 W
11
#13900
01
#13910
1E
1D
1F
b100 W
11
#13920
01
#13930
1'
b101 g
b11110000 h
0E
0D
b101 ;
0F
b11111100 _
1$
1^
b101 Y
b0 W
11
#13940
01
#13950
b1 W
11
#13960
01
#13970
b10 W
11
#13980
01
#13990
b11 W
11
#14000
01
#14010
1H
1B
1F
b100 W
11
#14020
01
#14030
b11 d
b111 f
b110 g
0H
0B
b110 ;
0F
0$
0^
b110 Y
b0 W
b1001 \
b11 V
11
#14040
01
#14050
b1 W
11
#14060
01
#14070
b10 W
11
#14080
01
#14090
b11 W
11
#14100
01
#14110
1E
1D
1F
b100 W
11
#14120
01
#14130
b11100000 h
b111 g
0E
0D
b111 ;
0F
b11111000 _
1$
1^
b111 Y
b0 W
11
#14140
01
#14150
b1 W
11
#14160
01
#14170
b10 W
11
#14180
01
#14190
b11 W
11
#14200
01
#14210
1H
1B
1F
b100 W
11
#14220
01
#14230
b1000 g
b100 d
b1111 f
0H
0B
b1000 ;
0F
0$
0^
b1000 Y
b0 W
b10011 \
b100 V
11
#14240
01
#14250
b1 W
11
#14260
01
#14270
b10 W
11
#14280
01
#14290
b11 W
11
#14300
01
#14310
1E
1D
1F
b100 W
11
#14320
01
#14330
b1001 g
b11000000 h
0E
0D
b1001 ;
0F
b11110000 _
1$
1^
b1001 Y
b0 W
11
#14340
01
#14350
b1 W
11
#14360
01
#14370
b10 W
11
#14380
01
#14390
b11 W
11
#14400
01
#14410
1H
1B
1F
b100 W
11
#14420
01
#14430
b101 d
b11111 f
b1010 g
0H
0B
b1010 ;
0F
0$
0^
b1010 Y
b0 W
b100111 \
b101 V
11
#14440
01
#14450
b1 W
11
#14460
01
#14470
b10 W
11
#14480
01
#14490
b11 W
11
#14500
01
#14510
1E
1D
1F
b100 W
11
#14520
01
#14530
b10000000 h
b1011 g
0E
0D
b1011 ;
0F
b11100000 _
1$
1^
b1011 Y
b0 W
11
#14540
01
#14550
b1 W
11
#14560
01
#14570
b10 W
11
#14580
01
#14590
b11 W
11
#14600
01
#14610
1H
1B
1F
b100 W
11
#14620
01
#14630
b1100 g
b110 d
b111111 f
0H
0B
b1100 ;
0F
0$
0^
b1100 Y
b0 W
b1001111 \
b110 V
11
#14640
01
#14650
b1 W
11
#14660
01
#14670
b10 W
11
#14680
01
#14690
b11 W
11
#14700
01
#14710
1E
1D
1F
b100 W
11
#14720
01
#14730
0'
b1101 g
b0 h
0E
0D
b1101 ;
0F
b11000000 _
1$
1^
b1101 Y
b0 W
11
#14740
01
#14750
b1 W
11
#14760
01
#14770
b10 W
11
#14780
01
#14790
b11 W
11
#14800
01
#14810
1H
1B
1F
b100 W
11
#14820
01
#14830
b111 d
b1111111 f
b1110 g
0H
0B
b1110 ;
0F
0@
0$
0^
b1110 Y
b0 W
b10011110 \
b111 V
11
#14840
01
#14850
b1 W
11
#14860
01
#14870
b10 W
11
#14880
01
#14890
b11 W
11
#14900
01
#14910
1E
1D
1F
b100 W
11
#14920
01
#14930
b1111 g
0E
0D
b1111 ;
0F
b10000000 _
1$
1^
b1111 Y
b0 W
11
#14940
01
#14950
b1 W
11
#14960
01
#14970
b10 W
11
#14980
01
#14990
b11 W
11
#15000
01
#15010
1@
1H
b11 Z
1B
1A
1F
b100 W
11
#15020
01
#15030
0b
b0 g
1"
b11111111 #
b11111111 e
b1000 d
b11111111 f
0H
0B
b10000 ;
0A
b10010100 >
0F
0@
0$
0^
b0 Y
b0 W
1(
1X
b11 ]
b111100 %
b111100 [
b0 V
11
#15040
01
#15050
b1 W
0(
0X
11
#15060
01
#15070
b10 W
11
#15080
01
#15090
b11 W
11
#15100
01
#15110
b100 W
11
#15120
01
#15130
b0 Z
b101 W
11
#15140
01
#15150
b11101100101110 7
1!
0)
b0 W
b0 ]
11
#15151
b10000 <
b10101000 >
#15160
01
#15170
11
#15180
01
#15190
b1100110 m
b10100101 l
b10 :
11
#15200
01
#15210
11
#15211
b1 Z
18
b1100110 5
b1100110 a
b10100101 9
b10100101 G
#15220
01
#15230
0"
b0 d
b1100110 h
b0 f
b11101101111110 6
b0 ;
0!
1)
b1 ]
b10100101 _
11
#15231
08
#15240
01
#15250
b1 W
11
#15260
01
#15270
b10 W
11
#15280
01
#15290
b10 Z
b11 W
11
#15300
01
#15310
b0 W
b10 ]
11
#15320
01
#15330
b1 W
11
#15340
01
#15350
b10 W
11
#15360
01
#15370
b11 W
11
#15380
01
#15390
1D
1F
b100 W
11
#15400
01
#15410
1b
b1 g
0E
0D
b1 ;
0F
1$
1^
b1 Y
b0 W
11
#15420
01
#15430
b1 W
11
#15440
01
#15450
b10 W
11
#15460
01
#15470
b11 W
11
#15480
01
#15490
1H
1B
1F
b100 W
11
#15500
01
#15510
b1 d
b1 f
b10 g
0H
0B
b10 ;
0F
0$
0^
b10 Y
b0 W
b111100 \
b1 V
11
#15520
01
#15530
b1 W
11
#15540
01
#15550
b10 W
11
#15560
01
#15570
b11 W
11
#15580
01
#15590
1E
1D
1F
b100 W
11
#15600
01
#15610
1'
b11001100 h
b11 g
0E
0&
0D
b11 ;
0F
b1001010 _
1$
1^
b11 Y
b0 W
11
#15620
01
#15630
b1 W
11
#15640
01
#15650
b10 W
11
#15660
01
#15670
b11 W
11
#15680
01
#15690
1H
1B
1F
b100 W
11
#15700
01
#15710
b100 g
b10 d
b10 f
0H
0B
b100 ;
0F
0$
0^
b100 Y
b0 W
b1111001 \
b10 V
11
#15720
01
#15730
b1 W
11
#15740
01
#15750
b10 W
11
#15760
01
#15770
b11 W
11
#15780
01
#15790
1E
1D
1F
b100 W
11
#15800
01
#15810
b101 g
b10011000 h
0E
1&
0D
b101 ;
0F
b10010100 _
1$
1^
b101 Y
b0 W
11
#15820
01
#15830
b1 W
11
#15840
01
#15850
b10 W
11
#15860
01
#15870
b11 W
11
#15880
01
#15890
1H
1B
1F
b100 W
11
#15900
01
#15910
b11 d
b101 f
b110 g
0H
0B
b110 ;
0F
0$
0^
b110 Y
b0 W
b11110011 \
b11 V
11
#15920
01
#15930
b1 W
11
#15940
01
#15950
b10 W
11
#15960
01
#15970
b11 W
11
#15980
01
#15990
1E
1D
1F
b100 W
11
#16000
01
#16010
0'
b110000 h
b111 g
0E
0&
0D
b111 ;
0F
b101000 _
1$
1^
b111 Y
b0 W
11
#16020
01
#16030
b1 W
11
#16040
01
#16050
b10 W
11
#16060
01
#16070
b11 W
11
#16080
01
#16090
1H
1B
1F
b100 W
11
#16100
01
#16110
b1000 g
b100 d
b1010 f
0H
0B
b1000 ;
0F
0$
0^
b1000 Y
b0 W
b11100110 \
b100 V
11
#16120
01
#16130
b1 W
11
#16140
01
#16150
b10 W
11
#16160
01
#16170
b11 W
11
#16180
01
#16190
1E
1D
1F
b100 W
11
#16200
01
#16210
b1001 g
b1100000 h
0E
0D
b1001 ;
0F
b1010000 _
1$
1^
b1001 Y
b0 W
11
#16220
01
#16230
b1 W
11
#16240
01
#16250
b10 W
11
#16260
01
#16270
b11 W
11
#16280
01
#16290
1H
1B
1F
b100 W
11
#16300
01
#16310
b101 d
b10100 f
b1010 g
0H
0B
b1010 ;
0F
0$
0^
b1010 Y
b0 W
b11001100 \
b101 V
11
#16320
01
#16330
b1 W
11
#16340
01
#16350
b10 W
11
#16360
01
#16370
b11 W
11
#16380
01
#16390
1E
1D
1F
b100 W
11
#16400
01
#16410
1'
b11000000 h
b1011 g
0E
1&
0D
b1011 ;
0F
b10100000 _
1$
1^
b1011 Y
b0 W
11
#16420
01
#16430
b1 W
11
#16440
01
#16450
b10 W
11
#16460
01
#16470
b11 W
11
#16480
01
#16490
1H
1B
1F
b100 W
11
#16500
01
#16510
b1100 g
b110 d
b101001 f
0H
0B
b1100 ;
0F
0$
0^
b1100 Y
b0 W
b10011001 \
b110 V
11
#16520
01
#16530
b1 W
11
#16540
01
#16550
b10 W
11
#16560
01
#16570
b11 W
11
#16580
01
#16590
1E
1D
1F
b100 W
11
#16600
01
#16610
b1101 g
b10000000 h
0E
0&
0D
b1101 ;
0F
b1000000 _
1$
1^
b1101 Y
b0 W
11
#16620
01
#16630
b1 W
11
#16640
01
#16650
b10 W
11
#16660
01
#16670
b11 W
11
#16680
01
#16690
1H
1B
1F
b100 W
11
#16700
01
#16710
b111 d
b1010010 f
b1110 g
0H
0B
b1110 ;
0F
0@
0$
0^
b1110 Y
b0 W
b110011 \
b111 V
11
#16720
01
#16730
b1 W
11
#16740
01
#16750
b10 W
11
#16760
01
#16770
b11 W
11
#16780
01
#16790
1E
1D
1F
b100 W
11
#16800
01
#16810
0'
b0 h
b1111 g
0E
1&
0D
b1111 ;
0F
b10000000 _
1$
1^
b1111 Y
b0 W
11
#16820
01
#16830
b1 W
11
#16840
01
#16850
b10 W
11
#16860
01
#16870
b11 W
11
#16880
01
#16890
1@
1H
b11 Z
1B
1A
1F
b100 W
11
#16900
01
#16910
0b
b0 g
1"
b10100101 #
b10100101 e
b1000 d
b10100101 f
0H
0B
b10000 ;
0A
b10101001 >
0F
0@
0$
0^
b0 Y
b0 W
1(
1X
b11 ]
b1100110 %
b1100110 [
b0 V
11
#16920
01
#16930
b1 W
0(
0X
11
#16940
01
#16950
b10 W
11
#16960
01
#16970
b11 W
11
#16980
01
#16990
b100 W
11
#17000
01
#17010
b0 Z
b101 W
11
#17020
01
#17030
b100001010000110 7
1!
0)
b0 W
b0 ]
11
#17031
b10000 <
b10111101 >
#17040
01
#17050
11
#17060
01
#17070
b10011001 m
b1011010 l
b11 :
11
#17080
01
#17090
11
#17091
b1 Z
18
b10011001 5
b10011001 a
b1011010 9
b1011010 G
#17100
01
#17110
1'
b100001011010110 6
b0 ;
b0 f
0"
b0 d
b10011001 h
0!
1)
0&
b1 ]
b1011010 _
11
#17111
08
#17120
01
#17130
b1 W
11
#17140
01
#17150
b10 W
11
#17160
01
#17170
b10 Z
b11 W
11
#17180
01
#17190
b0 W
b10 ]
11
#17200
01
#17210
b1 W
11
#17220
01
#17230
b10 W
11
#17240
01
#17250
b11 W
11
#17260
01
#17270
1D
1F
b100 W
11
#17280
01
#17290
1b
b1 g
0E
0D
b1 ;
0F
1$
1^
b1 Y
b0 W
11
#17300
01
#17310
b1 W
11
#17320
01
#17330
b10 W
11
#17340
01
#17350
b11 W
11
#17360
01
#17370
1H
1B
1F
b100 W
11
#17380
01
#17390
b1 d
b10 g
0H
0B
b10 ;
0F
0$
0^
b10 Y
b0 W
b1100111 \
b1 V
11
#17400
01
#17410
b1 W
11
#17420
01
#17430
b10 W
11
#17440
01
#17450
b11 W
11
#17460
01
#17470
1E
1D
1F
b100 W
11
#17480
01
#17490
0'
b110010 h
b11 g
0E
1&
0D
b11 ;
0F
b10110100 _
1$
1^
b11 Y
b0 W
11
#17500
01
#17510
b1 W
11
#17520
01
#17530
b10 W
11
#17540
01
#17550
b11 W
11
#17560
01
#17570
1H
1B
1F
b100 W
11
#17580
01
#17590
b100 g
b10 d
b1 f
0H
0B
b100 ;
0F
0$
0^
b100 Y
b0 W
b11001110 \
b10 V
11
#17600
01
#17610
b1 W
11
#17620
01
#17630
b10 W
11
#17640
01
#17650
b11 W
11
#17660
01
#17670
1E
1D
1F
b100 W
11
#17680
01
#17690
b101 g
b1100100 h
0E
0&
0D
b101 ;
0F
b1101000 _
1$
1^
b101 Y
b0 W
11
#17700
01
#17710
b1 W
11
#17720
01
#17730
b10 W
11
#17740
01
#17750
b11 W
11
#17760
01
#17770
1H
1B
1F
b100 W
11
#17780
01
#17790
b11 d
b10 f
b110 g
0H
0B
b110 ;
0F
0$
0^
b110 Y
b0 W
b10011100 \
b11 V
11
#17800
01
#17810
b1 W
11
#17820
01
#17830
b10 W
11
#17840
01
#17850
b11 W
11
#17860
01
#17870
1E
1D
1F
b100 W
11
#17880
01
#17890
1'
b11001000 h
b111 g
0E
1&
0D
b111 ;
0F
b11010000 _
1$
1^
b111 Y
b0 W
11
#17900
01
#17910
b1 W
11
#17920
01
#17930
b10 W
11
#17940
01
#17950
b11 W
11
#17960
01
#17970
1H
1B
1F
b100 W
11
#17980
01
#17990
b1000 g
b100 d
b101 f
0H
0B
b1000 ;
0F
0$
0^
b1000 Y
b0 W
b111001 \
b100 V
11
#18000
01
#18010
b1 W
11
#18020
01
#18030
b10 W
11
#18040
01
#18050
b11 W
11
#18060
01
#18070
1E
1D
1F
b100 W
11
#18080
01
#18090
b1001 g
b10010000 h
0E
0D
b1001 ;
0F
b10100000 _
1$
1^
b1001 Y
b0 W
11
#18100
01
#18110
b1 W
11
#18120
01
#18130
b10 W
11
#18140
01
#18150
b11 W
11
#18160
01
#18170
1H
1B
1F
b100 W
11
#18180
01
#18190
b101 d
b1011 f
b1010 g
0H
0B
b1010 ;
0F
0$
0^
b1010 Y
b0 W
b1110011 \
b101 V
11
#18200
01
#18210
b1 W
11
#18220
01
#18230
b10 W
11
#18240
01
#18250
b11 W
11
#18260
01
#18270
1E
1D
1F
b100 W
11
#18280
01
#18290
0'
b100000 h
b1011 g
0E
0&
0D
b1011 ;
0F
b1000000 _
1$
1^
b1011 Y
b0 W
11
#18300
01
#18310
b1 W
11
#18320
01
#18330
b10 W
11
#18340
01
#18350
b11 W
11
#18360
01
#18370
1H
1B
1F
b100 W
11
#18380
01
#18390
b1100 g
b110 d
b10110 f
0H
0B
b1100 ;
0F
0$
0^
b1100 Y
b0 W
b11100110 \
b110 V
11
#18400
01
#18410
b1 W
11
#18420
01
#18430
b10 W
11
#18440
01
#18450
b11 W
11
#18460
01
#18470
1E
1D
1F
b100 W
11
#18480
01
#18490
b1101 g
b1000000 h
0E
1&
0D
b1101 ;
0F
b10000000 _
1$
1^
b1101 Y
b0 W
11
#18500
01
#18510
b1 W
11
#18520
01
#18530
b10 W
11
#18540
01
#18550
b11 W
11
#18560
01
#18570
1H
1B
1F
b100 W
11
#18580
01
#18590
b111 d
b101101 f
b1110 g
0H
0B
b1110 ;
0F
0@
0$
0^
b1110 Y
b0 W
b11001100 \
b111 V
11
#18600
01
#18610
b1 W
11
#18620
01
#18630
b10 W
11
#18640
01
#18650
b11 W
11
#18660
01
#18670
1E
1D
1F
b100 W
11
#18680
01
#18690
1'
b10000000 h
b1111 g
0E
0&
0D
b1111 ;
0F
b0 _
1$
1^
b1111 Y
b0 W
11
#18700
01
#18710
b1 W
11
#18720
01
#18730
b10 W
11
#18740
01
#18750
b11 W
11
#18760
01
#18770
1@
1H
b11 Z
1B
1A
1F
b100 W
11
#18780
01
#18790
0b
b0 g
1"
b1011010 #
b1011010 e
b1000 d
b1011010 f
0H
0B
b10000 ;
0A
b10111110 >
0F
0@
0$
0^
b0 Y
b0 W
1(
1X
b11 ]
b10011001 %
b10011001 [
b0 V
11
#18800
01
#18810
b1 W
0(
0X
11
#18820
01
#18830
b10 W
11
#18840
01
#18850
b11 W
11
#18860
01
#18870
b100 W
11
#18880
01
#18890
b0 Z
b101 W
11
#18900
01
#18910
b100100111011110 7
1!
0)
b0 W
b0 ]
11
#18911
b10000 <
b11010010 >
#18920
01
#18930
11
#18940
01
#18950
b11111111 m
b111100 l
b100 :
11
#18960
01
#18970
11
#18971
b1 Z
18
b11111111 5
b11111111 a
b111100 9
b111100 G
#18980
01
#18990
0"
b0 d
b11111111 h
b0 f
b100101000101110 6
b0 ;
0!
1)
b1 ]
b111100 _
11
#18991
08
#19000
01
#19010
b1 W
11
#19020
01
#19030
b10 W
11
#19040
01
#19050
b10 Z
b11 W
11
#19060
01
#19070
b0 W
b10 ]
11
#19080
01
#19090
b1 W
11
#19100
01
#19110
b10 W
11
#19120
01
#19130
b11 W
11
#19140
01
#19150
1D
1F
b100 W
11
#19160
01
#19170
1b
b1 g
0E
0D
b1 ;
0F
1$
1^
b1 Y
b0 W
11
#19180
01
#19190
b1 W
11
#19200
01
#19210
b10 W
11
#19220
01
#19230
b11 W
11
#19240
01
#19250
1H
1B
1F
b100 W
11
#19260
01
#19270
b1 d
b10 g
0H
0B
b10 ;
0F
0$
0^
b10 Y
b0 W
b10011001 \
b1 V
11
#19280
01
#19290
b1 W
11
#19300
01
#19310
b10 W
11
#19320
01
#19330
b11 W
11
#19340
01
#19350
1E
1D
1F
b100 W
11
#19360
01
#19370
b11111110 h
b11 g
0E
0D
b11 ;
0F
b1111000 _
1$
1^
b11 Y
b0 W
11
#19380
01
#19390
b1 W
11
#19400
01
#19410
b10 W
11
#19420
01
#19430
b11 W
11
#19440
01
#19450
1H
1B
1F
b100 W
11
#19460
01
#19470
b100 g
b10 d
0H
0B
b100 ;
0F
0$
0^
b100 Y
b0 W
b110011 \
b10 V
11
#19480
01
#19490
b1 W
11
#19500
01
#19510
b10 W
11
#19520
01
#19530
b11 W
11
#19540
01
#19550
1E
1D
1F
b100 W
11
#19560
01
#19570
b101 g
b11111100 h
0E
1&
0D
b101 ;
0F
b11110000 _
1$
1^
b101 Y
b0 W
11
#19580
01
#19590
b1 W
11
#19600
01
#19610
b10 W
11
#19620
01
#19630
b11 W
11
#19640
01
#19650
1H
1B
1F
b100 W
11
#19660
01
#19670
b11 d
b1 f
b110 g
0H
0B
b110 ;
0F
0$
0^
b110 Y
b0 W
b1100111 \
b11 V
11
#19680
01
#19690
b1 W
11
#19700
01
#19710
b10 W
11
#19720
01
#19730
b11 W
11
#19740
01
#19750
1E
1D
1F
b100 W
11
#19760
01
#19770
b11111000 h
b111 g
0E
0D
b111 ;
0F
b11100000 _
1$
1^
b111 Y
b0 W
11
#19780
01
#19790
b1 W
11
#19800
01
#19810
b10 W
11
#19820
01
#19830
b11 W
11
#19840
01
#19850
1H
1B
1F
b100 W
11
#19860
01
#19870
b1000 g
b100 d
b11 f
0H
0B
b1000 ;
0F
0$
0^
b1000 Y
b0 W
b11001111 \
b100 V
11
#19880
01
#19890
b1 W
11
#19900
01
#19910
b10 W
11
#19920
01
#19930
b11 W
11
#19940
01
#19950
1E
1D
1F
b100 W
11
#19960
01
#19970
b1001 g
b11110000 h
0E
0D
b1001 ;
0F
b11000000 _
1$
1^
b1001 Y
b0 W
11
#19980
01
#19990
b1 W
11
#20000
01
#20010
b10 W
11
#20020
01
#20030
b11 W
11
#20040
01
#20050
1H
1B
1F
b100 W
11
#20060
01
#20070
b101 d
b111 f
b1010 g
0H
0B
b1010 ;
0F
0$
0^
b1010 Y
b0 W
b10011111 \
b101 V
11
#20080
01
#20090
b1 W
11
#20100
01
#20110
b10 W
11
#20120
01
#20130
b11 W
11
#20140
01
#20150
1E
1D
1F
b100 W
11
#20160
01
#20170
b11100000 h
b1011 g
0E
0D
b1011 ;
0F
b10000000 _
1$
1^
b1011 Y
b0 W
11
#20180
01
#20190
b1 W
11
#20200
01
#20210
b10 W
11
#20220
01
#20230
b11 W
11
#20240
01
#20250
1H
1B
1F
b100 W
11
#20260
01
#20270
b1100 g
b110 d
b1111 f
0H
0B
b1100 ;
0F
0$
0^
b1100 Y
b0 W
b111111 \
b110 V
11
#20280
01
#20290
b1 W
11
#20300
01
#20310
b10 W
11
#20320
01
#20330
b11 W
11
#20340
01
#20350
1E
1D
1F
b100 W
11
#20360
01
#20370
b1101 g
b11000000 h
0E
0&
0D
b1101 ;
0F
b0 _
1$
1^
b1101 Y
b0 W
11
#20380
01
#20390
b1 W
11
#20400
01
#20410
b10 W
11
#20420
01
#20430
b11 W
11
#20440
01
#20450
1H
1B
1F
b100 W
11
#20460
01
#20470
b111 d
b11110 f
b1110 g
0H
0B
b1110 ;
0F
0@
0$
0^
b1110 Y
b0 W
b1111111 \
b111 V
11
#20480
01
#20490
b1 W
11
#20500
01
#20510
b10 W
11
#20520
01
#20530
b11 W
11
#20540
01
#20550
1E
1D
1F
b100 W
11
#20560
01
#20570
b10000000 h
b1111 g
0E
0D
b1111 ;
0F
1$
1^
b1111 Y
b0 W
11
#20580
01
#20590
b1 W
11
#20600
01
#20610
b10 W
11
#20620
01
#20630
b11 W
11
#20640
01
#20650
1@
1H
b11 Z
1B
1A
1F
b100 W
11
#20660
01
#20670
0b
b0 g
1"
b111100 #
b111100 e
b1000 d
b111100 f
0H
0B
b10000 ;
0A
b11010011 >
0F
0@
0$
0^
b0 Y
b0 W
1(
1X
b11 ]
b11111111 %
b11111111 [
b0 V
11
#20680
01
#20690
b1 W
0(
0X
11
#20700
01
#20710
b10 W
11
#20720
01
#20730
b11 W
11
#20740
01
#20750
b100 W
11
#20760
01
#20770
b0 Z
b101 W
11
#20780
01
#20790
b101000100110110 7
1!
0)
b0 W
b0 ]
11
#20791
b10000 <
b11100111 >
#20800
01
#20810
11
#20820
01
#20830
b1000010 m
b10000001 l
b101 :
11
#20840
01
#20850
11
#20851
b1 Z
18
b1000010 5
b1000010 a
b10000001 9
b10000001 G
#20860
01
#20870
0'
b101000110000110 6
b0 ;
b0 f
0"
b0 d
b1000010 h
0!
1)
1&
b1 ]
b10000001 _
11
#20871
08
#20880
01
#20890
b1 W
11
#20900
01
#20910
b10 W
11
#20920
01
#20930
b10 Z
b11 W
11
#20940
01
#20950
b0 W
b10 ]
11
#20960
01
#20970
b1 W
11
#20980
01
#20990
b10 W
11
#21000
01
#21010
b11 W
11
#21020
01
#21030
1D
1F
b100 W
11
#21040
01
#21050
1b
b1 g
0E
0D
b1 ;
0F
1$
1^
b1 Y
b0 W
11
#21060
01
#21070
b1 W
11
#21080
01
#21090
b10 W
11
#21100
01
#21110
b11 W
11
#21120
01
#21130
1H
1B
1F
b100 W
11
#21140
01
#21150
b1 d
b1 f
b10 g
0H
0B
b10 ;
0F
0$
0^
b10 Y
b0 W
b11111110 \
b1 V
11
#21160
01
#21170
b1 W
11
#21180
01
#21190
b10 W
11
#21200
01
#21210
b11 W
11
#21220
01
#21230
1E
1D
1F
b100 W
11
#21240
01
#21250
1'
b10000100 h
b11 g
0E
0&
0D
b11 ;
0F
b10 _
1$
1^
b11 Y
b0 W
11
#21260
01
#21270
b1 W
11
#21280
01
#21290
b10 W
11
#21300
01
#21310
b11 W
11
#21320
01
#21330
1H
1B
1F
b100 W
11
#21340
01
#21350
b100 g
b10 d
b10 f
0H
0B
b100 ;
0F
0$
0^
b100 Y
b0 W
b11111101 \
b10 V
11
#21360
01
#21370
b1 W
11
#21380
01
#21390
b10 W
11
#21400
01
#21410
b11 W
11
#21420
01
#21430
1E
1D
1F
b100 W
11
#21440
01
#21450
0'
b101 g
b1000 h
0E
0D
b101 ;
0F
b100 _
1$
1^
b101 Y
b0 W
11
#21460
01
#21470
b1 W
11
#21480
01
#21490
b10 W
11
#21500
01
#21510
b11 W
11
#21520
01
#21530
1H
1B
1F
b100 W
11
#21540
01
#21550
b11 d
b100 f
b110 g
0H
0B
b110 ;
0F
0$
0^
b110 Y
b0 W
b11111010 \
b11 V
11
#21560
01
#21570
b1 W
11
#21580
01
#21590
b10 W
11
#21600
01
#21610
b11 W
11
#21620
01
#21630
1E
1D
1F
b100 W
11
#21640
01
#21650
b10000 h
b111 g
0E
0D
b111 ;
0F
b1000 _
1$
1^
b111 Y
b0 W
11
#21660
01
#21670
b1 W
11
#21680
01
#21690
b10 W
11
#21700
01
#21710
b11 W
11
#21720
01
#21730
1H
1B
1F
b100 W
11
#21740
01
#21750
b1000 g
b100 d
b1000 f
0H
0B
b1000 ;
0F
0$
0^
b1000 Y
b0 W
b11110100 \
b100 V
11
#21760
01
#21770
b1 W
11
#21780
01
#21790
b10 W
11
#21800
01
#21810
b11 W
11
#21820
01
#21830
1E
1D
1F
b100 W
11
#21840
01
#21850
b1001 g
b100000 h
0E
0D
b1001 ;
0F
b10000 _
1$
1^
b1001 Y
b0 W
11
#21860
01
#21870
b1 W
11
#21880
01
#21890
b10 W
11
#21900
01
#21910
b11 W
11
#21920
01
#21930
1H
1B
1F
b100 W
11
#21940
01
#21950
b101 d
b10000 f
b1010 g
0H
0B
b1010 ;
0F
0$
0^
b1010 Y
b0 W
b11101000 \
b101 V
11
#21960
01
#21970
b1 W
11
#21980
01
#21990
b10 W
11
#22000
01
#22010
b11 W
11
#22020
01
#22030
1E
1D
1F
b100 W
11
#22040
01
#22050
b1000000 h
b1011 g
0E
0D
b1011 ;
0F
b100000 _
1$
1^
b1011 Y
b0 W
11
#22060
01
#22070
b1 W
11
#22080
01
#22090
b10 W
11
#22100
01
#22110
b11 W
11
#22120
01
#22130
1H
1B
1F
b100 W
11
#22140
01
#22150
b1100 g
b110 d
b100000 f
0H
0B
b1100 ;
0F
0$
0^
b1100 Y
b0 W
b11010000 \
b110 V
11
#22160
01
#22170
b1 W
11
#22180
01
#22190
b10 W
11
#22200
01
#22210
b11 W
11
#22220
01
#22230
1E
1D
1F
b100 W
11
#22240
01
#22250
1'
b1101 g
b10000000 h
0E
0D
b1101 ;
0F
b1000000 _
1$
1^
b1101 Y
b0 W
11
#22260
01
#22270
b1 W
11
#22280
01
#22290
b10 W
11
#22300
01
#22310
b11 W
11
#22320
01
#22330
1H
1B
1F
b100 W
11
#22340
01
#22350
b111 d
b1000000 f
b1110 g
0H
0B
b1110 ;
0F
0@
0$
0^
b1110 Y
b0 W
b10100001 \
b111 V
11
#22360
01
#22370
b1 W
11
#22380
01
#22390
b10 W
11
#22400
01
#22410
b11 W
11
#22420
01
#22430
1E
1D
1F
b100 W
11
#22440
01
#22450
0'
b0 h
b1111 g
0E
1&
0D
b1111 ;
0F
b10000000 _
1$
1^
b1111 Y
b0 W
11
#22460
01
#22470
b1 W
11
#22480
01
#22490
b10 W
11
#22500
01
#22510
b11 W
11
#22520
01
#22530
1@
1H
b11 Z
1B
1A
1F
b100 W
11
#22540
01
#22550
0b
b0 g
1"
b10000001 #
b10000001 e
b1000 d
b10000001 f
0H
0B
b10000 ;
0A
b11101000 >
0F
0@
0$
0^
b0 Y
b0 W
1(
1X
b11 ]
b1000010 %
b1000010 [
b0 V
11
#22560
01
#22570
b1 W
0(
0X
11
#22580
01
#22590
b10 W
11
#22600
01
#22610
b11 W
11
#22620
01
#22630
b100 W
11
#22640
01
#22650
b0 Z
b101 W
11
#22660
01
#22670
b101100010001110 7
1!
0)
b0 W
b0 ]
11
#22671
b10000 <
b11111100 >
#22680
01
#22690
11
#22700
01
#22710
0j
1k
b11000011 m
b0 l
b10 =
b0 :
11
#22720
01
#22730
11
#22731
b1 Z
1b
18
b11000011 5
b11000011 a
b0 9
b0 G
02
13
#22740
01
#22750
1'
0"
b0 d
b11000011 h
b0 f
b101100011011110 6
b0 ;
0!
1)
0&
1$
1^
b1 ]
b0 _
11
#22751
08
#22760
01
#22770
b1 W
11
#22780
01
#22790
b10 W
11
#22800
01
#22810
b10 Z
b11 W
11
#22820
01
#22830
b0 W
b10 ]
11
#22840
01
#22850
b1 W
11
#22860
01
#22870
b10 W
11
#22880
01
#22890
b11 W
11
#22900
01
#22910
1H
1B
1F
b100 W
11
#22920
01
#22930
b1 d
b1 g
0H
0B
b1 ;
0F
b1000011 \
b1 V
0$
0^
b1 Y
b0 W
11
#22940
01
#22950
b1 W
11
#22960
01
#22970
b10 W
11
#22980
01
#22990
b11 W
11
#23000
01
#23010
1E
1D
1F
b100 W
11
#23020
01
#23030
b10000110 h
b10 g
0E
0D
b10 ;
0F
1$
1^
b10 Y
b0 W
11
#23040
01
#23050
b1 W
11
#23060
01
#23070
b10 W
11
#23080
01
#23090
b11 W
11
#23100
01
#23110
1H
1B
1F
b100 W
11
#23120
01
#23130
b11 g
b10 d
0H
0B
b11 ;
0F
b10000111 \
b10 V
0$
0^
b11 Y
b0 W
11
#23140
01
#23150
b1 W
11
#23160
01
#23170
b10 W
11
#23180
01
#23190
b11 W
11
#23200
01
#23210
1E
1D
1F
b100 W
11
#23220
01
#23230
0'
b100 g
b1100 h
0E
0D
b100 ;
0F
1$
1^
b100 Y
b0 W
11
#23240
01
#23250
b1 W
11
#23260
01
#23270
b10 W
11
#23280
01
#23290
b11 W
11
#23300
01
#23310
1H
1B
1F
b100 W
11
#23320
01
#23330
b11 d
b101 g
0H
0B
b101 ;
0F
b1110 \
b11 V
0$
0^
b101 Y
b0 W
11
#23340
01
#23350
b1 W
11
#23360
01
#23370
b10 W
11
#23380
01
#23390
b11 W
11
#23400
01
#23410
1E
1D
1F
b100 W
11
#23420
01
#23430
b11000 h
b110 g
0E
0D
b110 ;
0F
1$
1^
b110 Y
b0 W
11
#23440
01
#23450
b1 W
11
#23460
01
#23470
b10 W
11
#23480
01
#23490
b11 W
11
#23500
01
#23510
1H
1B
1F
b100 W
11
#23520
01
#23530
b111 g
b100 d
0H
0B
b111 ;
0F
b11100 \
b100 V
0$
0^
b111 Y
b0 W
11
#23540
01
#23550
b1 W
11
#23560
01
#23570
b10 W
11
#23580
01
#23590
b11 W
11
#23600
01
#23610
1E
1D
1F
b100 W
11
#23620
01
#23630
b1000 g
b110000 h
0E
0D
b1000 ;
0F
1$
1^
b1000 Y
b0 W
11
#23640
01
#23650
b1 W
11
#23660
01
#23670
b10 W
11
#23680
01
#23690
b11 W
11
#23700
01
#23710
1H
1B
1F
b100 W
11
#23720
01
#23730
b101 d
b1001 g
0H
0B
b1001 ;
0F
b111000 \
b101 V
0$
0^
b1001 Y
b0 W
11
#23740
01
#23750
b1 W
11
#23760
01
#23770
b10 W
11
#23780
01
#23790
b11 W
11
#23800
01
#23810
1E
1D
1F
b100 W
11
#23820
01
#23830
b1100000 h
b1010 g
0E
0D
b1010 ;
0F
1$
1^
b1010 Y
b0 W
11
#23840
01
#23850
b1 W
11
#23860
01
#23870
b10 W
11
#23880
01
#23890
b11 W
11
#23900
01
#23910
1H
1B
1F
b100 W
11
#23920
01
#23930
b1011 g
b110 d
0H
0B
b1011 ;
0F
b1110000 \
b110 V
0$
0^
b1011 Y
b0 W
11
#23940
01
#23950
b1 W
11
#23960
01
#23970
b10 W
11
#23980
01
#23990
b11 W
11
#24000
01
#24010
1E
1D
1F
b100 W
11
#24020
01
#24030
1'
b1100 g
b11000000 h
0E
0D
b1100 ;
0F
1$
1^
b1100 Y
b0 W
11
#24040
01
#24050
b1 W
11
#24060
01
#24070
b10 W
11
#24080
01
#24090
b11 W
11
#24100
01
#24110
1H
1B
1F
b100 W
11
#24120
01
#24130
b111 d
b1101 g
0H
0@
0B
b1101 ;
0F
b11100001 \
b111 V
0$
0^
b1101 Y
b0 W
11
#24140
01
#24150
b1 W
11
#24160
01
#24170
b10 W
11
#24180
01
#24190
b11 W
11
#24200
01
#24210
1E
1D
1F
b100 W
11
#24220
01
#24230
b10000000 h
b1110 g
0E
0D
b1110 ;
0F
1$
1^
b1110 Y
b0 W
11
#24240
01
#24250
b1 W
11
#24260
01
#24270
b10 W
11
#24280
01
#24290
b11 W
11
#24300
01
#24310
1@
1H
1B
1F
b100 W
11
#24320
01
#24330
b1111 g
1"
b0 #
b0 e
b1000 d
0H
0@
0B
b1111 ;
0F
b11111101 >
b11000011 %
b11000011 [
b0 V
0$
0^
b1111 Y
b0 W
1(
1X
11
#24340
01
#24350
b1 W
0(
0X
11
#24360
01
#24370
b10 W
11
#24380
01
#24390
b11 W
11
#24400
01
#24410
1E
b11 Z
1D
1A
1F
b100 W
11
#24420
01
#24430
0'
b0 g
b0 h
0E
0D
b10000 ;
0A
0F
1$
1^
b0 Y
b0 W
b11 ]
11
#24440
01
#24450
b1 W
11
#24460
01
#24470
b10 W
11
#24480
01
#24490
b11 W
11
#24500
01
#24510
b100 W
11
#24520
01
#24530
b0 Z
b101 W
11
#24540
01
#24550
b101111111100110 7
1!
0)
b0 W
b0 ]
11
#24551
b10000 <
b100010001 >
#24560
01
#24570
11
#24580
01
#24590
b111100 m
b11111111 l
b1 :
11
#24600
01
#24610
11
#24611
b1 Z
18
b111100 5
b111100 a
b11111111 9
b11111111 G
#24620
01
#24630
b110000000110110 6
b0 ;
0"
b0 d
b111100 h
0!
1)
1&
b1 ]
b11111111 _
11
#24631
08
#24640
01
#24650
b1 W
11
#24660
01
#24670
b10 W
11
#24680
01
#24690
b10 Z
b11 W
11
#24700
01
#24710
b0 W
b10 ]
11
#24720
01
#24730
b1 W
11
#24740
01
#24750
b10 W
11
#24760
01
#24770
b11 W
11
#24780
01
#24790
1H
1B
1F
b100 W
11
#24800
01
#24810
b1 d
b1 f
b1 g
0H
0B
b1 ;
0F
b11000010 \
b1 V
0$
0^
b1 Y
b0 W
11
#24820
01
#24830
b1 W
11
#24840
01
#24850
b10 W
11
#24860
01
#24870
b11 W
11
#24880
01
#24890
1E
1D
1F
b100 W
11
#24900
01
#24910
b1111000 h
b10 g
0E
0D
b10 ;
0F
1$
1^
b10 Y
b0 W
b11111110 _
11
#24920
01
#24930
b1 W
11
#24940
01
#24950
b10 W
11
#24960
01
#24970
b11 W
11
#24980
01
#24990
1H
1B
1F
b100 W
11
#25000
01
#25010
b11 g
b10 d
b11 f
0H
0B
b11 ;
0F
b10000100 \
b10 V
0$
0^
b11 Y
b0 W
11
#25020
01
#25030
b1 W
11
#25040
01
#25050
b10 W
11
#25060
01
#25070
b11 W
11
#25080
01
#25090
1E
1D
1F
b100 W
11
#25100
01
#25110
1'
b100 g
b11110000 h
0E
0D
b100 ;
0F
1$
1^
b100 Y
b0 W
b11111100 _
11
#25120
01
#25130
b1 W
11
#25140
01
#25150
b10 W
11
#25160
01
#25170
b11 W
11
#25180
01
#25190
1H
1B
1F
b100 W
11
#25200
01
#25210
b11 d
b111 f
b101 g
0H
0B
b101 ;
0F
b1001 \
b11 V
0$
0^
b101 Y
b0 W
11
#25220
01
#25230
b1 W
11
#25240
01
#25250
b10 W
11
#25260
01
#25270
b11 W
11
#25280
01
#25290
1E
1D
1F
b100 W
11
#25300
01
#25310
b11100000 h
b110 g
0E
0D
b110 ;
0F
1$
1^
b110 Y
b0 W
b11111000 _
11
#25320
01
#25330
b1 W
11
#25340
01
#25350
b10 W
11
#25360
01
#25370
b11 W
11
#25380
01
#25390
1H
1B
1F
b100 W
11
#25400
01
#25410
b111 g
b100 d
b1111 f
0H
0B
b111 ;
0F
b10011 \
b100 V
0$
0^
b111 Y
b0 W
11
#25420
01
#25430
b1 W
11
#25440
01
#25450
b10 W
11
#25460
01
#25470
b11 W
11
#25480
01
#25490
1E
1D
1F
b100 W
11
#25500
01
#25510
b1000 g
b11000000 h
0E
0D
b1000 ;
0F
1$
1^
b1000 Y
b0 W
b11110000 _
11
#25520
01
#25530
b1 W
11
#25540
01
#25550
b10 W
11
#25560
01
#25570
b11 W
11
#25580
01
#25590
1H
1B
1F
b100 W
11
#25600
01
#25610
b101 d
b11111 f
b1001 g
0H
0B
b1001 ;
0F
b100111 \
b101 V
0$
0^
b1001 Y
b0 W
11
#25620
01
#25630
b1 W
11
#25640
01
#25650
b10 W
11
#25660
01
#25670
b11 W
11
#25680
01
#25690
1E
1D
1F
b100 W
11
#25700
01
#25710
b10000000 h
b1010 g
0E
0D
b1010 ;
0F
1$
1^
b1010 Y
b0 W
b11100000 _
11
#25720
01
#25730
b1 W
11
#25740
01
#25750
b10 W
11
#25760
01
#25770
b11 W
11
#25780
01
#25790
1H
1B
1F
b100 W
11
#25800
01
#25810
b1011 g
b110 d
b111111 f
0H
0B
b1011 ;
0F
b1001111 \
b110 V
0$
0^
b1011 Y
b0 W
11
#25820
01
#25830
b1 W
11
#25840
01
#25850
b10 W
11
#25860
01
#25870
b11 W
11
#25880
01
#25890
1E
1D
1F
b100 W
11
#25900
01
#25910
0'
b1100 g
b0 h
0E
0D
b1100 ;
0F
1$
1^
b1100 Y
b0 W
b11000000 _
11
#25920
01
#25930
b1 W
11
#25940
01
#25950
b10 W
11
#25960
01
#25970
b11 W
11
#25980
01
#25990
1H
1B
1F
b100 W
11
#26000
01
#26010
b111 d
b1111111 f
b1101 g
0H
0@
0B
b1101 ;
0F
b10011110 \
b111 V
0$
0^
b1101 Y
b0 W
11
#26020
01
#26030
b1 W
11
#26040
01
#26050
b10 W
11
#26060
01
#26070
b11 W
11
#26080
01
#26090
1E
1D
1F
b100 W
11
#26100
01
#26110
b1110 g
0E
0D
b1110 ;
0F
1$
1^
b1110 Y
b0 W
b10000000 _
11
#26120
01
#26130
b1 W
11
#26140
01
#26150
b10 W
11
#26160
01
#26170
b11 W
11
#26180
01
#26190
1@
1H
1B
1F
b100 W
11
#26200
01
#26210
b1111 g
1"
b11111111 #
b11111111 e
b1000 d
b11111111 f
0H
0@
0B
b1111 ;
0F
b100010010 >
b111100 %
b111100 [
b0 V
0$
0^
b1111 Y
b0 W
1(
1X
11
#26220
01
#26230
b1 W
0(
0X
11
#26240
01
#26250
b10 W
11
#26260
01
#26270
b11 W
11
#26280
01
#26290
1E
b11 Z
1D
1A
1F
b100 W
11
#26300
01
#26310
b0 g
0E
0D
b10000 ;
0A
0F
0&
1$
1^
b0 Y
b0 W
b11 ]
b0 _
11
#26320
01
#26330
b1 W
11
#26340
01
#26350
b10 W
11
#26360
01
#26370
b11 W
11
#26380
01
#26390
b100 W
11
#26400
01
#26410
b0 Z
b101 W
11
#26420
01
#26430
b110011100111110 7
1!
0)
b0 W
b0 ]
11
#26431
b10000 <
b100100110 >
#26440
01
#26450
11
#26460
01
#26470
b1100110 m
b10100101 l
b10 :
11
#26480
01
#26490
11
#26491
b1 Z
18
b1100110 5
b1100110 a
b10100101 9
b10100101 G
#26500
01
#26510
0"
b0 d
b1100110 h
b0 f
b110011110001110 6
b0 ;
0!
1)
1&
b1 ]
b10100101 _
11
#26511
08
#26520
01
#26530
b1 W
11
#26540
01
#26550
b10 W
11
#26560
01
#26570
b10 Z
b11 W
11
#26580
01
#26590
b0 W
b10 ]
11
#26600
01
#26610
b1 W
11
#26620
01
#26630
b10 W
11
#26640
01
#26650
b11 W
11
#26660
01
#26670
1H
1B
1F
b100 W
11
#26680
01
#26690
b1 d
b1 f
b1 g
0H
0B
b1 ;
0F
b111100 \
b1 V
0$
0^
b1 Y
b0 W
11
#26700
01
#26710
b1 W
11
#26720
01
#26730
b10 W
11
#26740
01
#26750
b11 W
11
#26760
01
#26770
1E
1D
1F
b100 W
11
#26780
01
#26790
1'
b11001100 h
b10 g
0E
0D
b10 ;
0F
0&
1$
1^
b10 Y
b0 W
b1001010 _
11
#26800
01
#26810
b1 W
11
#26820
01
#26830
b10 W
11
#26840
01
#26850
b11 W
11
#26860
01
#26870
1H
1B
1F
b100 W
11
#26880
01
#26890
b11 g
b10 d
b10 f
0H
0B
b11 ;
0F
b1111001 \
b10 V
0$
0^
b11 Y
b0 W
11
#26900
01
#26910
b1 W
11
#26920
01
#26930
b10 W
11
#26940
01
#26950
b11 W
11
#26960
01
#26970
1E
1D
1F
b100 W
11
#26980
01
#26990
b100 g
b10011000 h
0E
0D
b100 ;
0F
1&
1$
1^
b100 Y
b0 W
b10010100 _
11
#27000
01
#27010
b1 W
11
#27020
01
#27030
b10 W
11
#27040
01
#27050
b11 W
11
#27060
01
#27070
1H
1B
1F
b100 W
11
#27080
01
#27090
b11 d
b101 f
b101 g
0H
0B
b101 ;
0F
b11110011 \
b11 V
0$
0^
b101 Y
b0 W
11
#27100
01
#27110
b1 W
11
#27120
01
#27130
b10 W
11
#27140
01
#27150
b11 W
11
#27160
01
#27170
1E
1D
1F
b100 W
11
#27180
01
#27190
0'
b110000 h
b110 g
0E
0D
b110 ;
0F
0&
1$
1^
b110 Y
b0 W
b101000 _
11
#27200
01
#27210
b1 W
11
#27220
01
#27230
b10 W
11
#27240
01
#27250
b11 W
11
#27260
01
#27270
1H
1B
1F
b100 W
11
#27280
01
#27290
b111 g
b100 d
b1010 f
0H
0B
b111 ;
0F
b11100110 \
b100 V
0$
0^
b111 Y
b0 W
11
#27300
01
#27310
b1 W
11
#27320
01
#27330
b10 W
11
#27340
01
#27350
b11 W
11
#27360
01
#27370
1E
1D
1F
b100 W
11
#27380
01
#27390
b1000 g
b1100000 h
0E
0D
b1000 ;
0F
1$
1^
b1000 Y
b0 W
b1010000 _
11
#27400
01
#27410
b1 W
11
#27420
01
#27430
b10 W
11
#27440
01
#27450
b11 W
11
#27460
01
#27470
1H
1B
1F
b100 W
11
#27480
01
#27490
b101 d
b10100 f
b1001 g
0H
0B
b1001 ;
0F
b11001100 \
b101 V
0$
0^
b1001 Y
b0 W
11
#27500
01
#27510
b1 W
11
#27520
01
#27530
b10 W
11
#27540
01
#27550
b11 W
11
#27560
01
#27570
1E
1D
1F
b100 W
11
#27580
01
#27590
1'
b11000000 h
b1010 g
0E
0D
b1010 ;
0F
1&
1$
1^
b1010 Y
b0 W
b10100000 _
11
#27600
01
#27610
b1 W
11
#27620
01
#27630
b10 W
11
#27640
01
#27650
b11 W
11
#27660
01
#27670
1H
1B
1F
b100 W
11
#27680
01
#27690
b1011 g
b110 d
b101001 f
0H
0B
b1011 ;
0F
b10011001 \
b110 V
0$
0^
b1011 Y
b0 W
11
#27700
01
#27710
b1 W
11
#27720
01
#27730
b10 W
11
#27740
01
#27750
b11 W
11
#27760
01
#27770
1E
1D
1F
b100 W
11
#27780
01
#27790
b1100 g
b10000000 h
0E
0D
b1100 ;
0F
0&
1$
1^
b1100 Y
b0 W
b1000000 _
11
#27800
01
#27810
b1 W
11
#27820
01
#27830
b10 W
11
#27840
01
#27850
b11 W
11
#27860
01
#27870
1H
1B
1F
b100 W
11
#27880
01
#27890
b111 d
b1010010 f
b1101 g
0H
0@
0B
b1101 ;
0F
b110011 \
b111 V
0$
0^
b1101 Y
b0 W
11
#27900
01
#27910
b1 W
11
#27920
01
#27930
b10 W
11
#27940
01
#27950
b11 W
11
#27960
01
#27970
1E
1D
1F
b100 W
11
#27980
01
#27990
0'
b0 h
b1110 g
0E
0D
b1110 ;
0F
1&
1$
1^
b1110 Y
b0 W
b10000000 _
11
#28000
01
#28010
b1 W
11
#28020
01
#28030
b10 W
11
#28040
01
#28050
b11 W
11
#28060
01
#28070
1@
1H
1B
1F
b100 W
11
#28080
01
#28090
b1111 g
1"
b10100101 #
b10100101 e
b1000 d
b10100101 f
0H
0@
0B
b1111 ;
0F
b100100111 >
b1100110 %
b1100110 [
b0 V
0$
0^
b1111 Y
b0 W
1(
1X
11
#28100
01
#28110
b1 W
0(
0X
11
#28120
01
#28130
b10 W
11
#28140
01
#28150
b11 W
11
#28160
01
#28170
1E
b11 Z
1D
1A
1F
b100 W
11
#28180
01
#28190
b0 g
0E
0D
b10000 ;
0A
0F
0&
1$
1^
b0 Y
b0 W
b11 ]
b0 _
11
#28200
01
#28210
b1 W
11
#28220
01
#28230
b10 W
11
#28240
01
#28250
b11 W
11
#28260
01
#28270
b100 W
11
#28280
01
#28290
b0 Z
b101 W
11
#28300
01
#28310
b110111010010110 7
1!
0)
b0 W
b0 ]
11
#28311
b10000 <
b100111011 >
#28320
01
#28330
11
#28340
01
#28350
b10011001 m
b1011010 l
b11 :
11
#28360
01
#28370
11
#28371
b1 Z
18
b10011001 5
b10011001 a
b1011010 9
b1011010 G
#28380
01
#28390
1'
b110111011100110 6
b0 ;
b0 f
0"
b0 d
b10011001 h
0!
1)
b1 ]
b1011010 _
11
#28391
08
#28400
01
#28410
b1 W
11
#28420
01
#28430
b10 W
11
#28440
01
#28450
b10 Z
b11 W
11
#28460
01
#28470
b0 W
b10 ]
11
#28480
01
#28490
b1 W
11
#28500
01
#28510
b10 W
11
#28520
01
#28530
b11 W
11
#28540
01
#28550
1H
1B
1F
b100 W
11
#28560
01
#28570
b1 d
b1 g
0H
0B
b1 ;
0F
b1100111 \
b1 V
0$
0^
b1 Y
b0 W
11
#28580
01
#28590
b1 W
11
#28600
01
#28610
b10 W
11
#28620
01
#28630
b11 W
11
#28640
01
#28650
1E
1D
1F
b100 W
11
#28660
01
#28670
0'
b110010 h
b10 g
0E
0D
b10 ;
0F
1&
1$
1^
b10 Y
b0 W
b10110100 _
11
#28680
01
#28690
b1 W
11
#28700
01
#28710
b10 W
11
#28720
01
#28730
b11 W
11
#28740
01
#28750
1H
1B
1F
b100 W
11
#28760
01
#28770
b11 g
b10 d
b1 f
0H
0B
b11 ;
0F
b11001110 \
b10 V
0$
0^
b11 Y
b0 W
11
#28780
01
#28790
b1 W
11
#28800
01
#28810
b10 W
11
#28820
01
#28830
b11 W
11
#28840
01
#28850
1E
1D
1F
b100 W
11
#28860
01
#28870
b100 g
b1100100 h
0E
0D
b100 ;
0F
0&
1$
1^
b100 Y
b0 W
b1101000 _
11
#28880
01
#28890
b1 W
11
#28900
01
#28910
b10 W
11
#28920
01
#28930
b11 W
11
#28940
01
#28950
1H
1B
1F
b100 W
11
#28960
01
#28970
b11 d
b10 f
b101 g
0H
0B
b101 ;
0F
b10011100 \
b11 V
0$
0^
b101 Y
b0 W
11
#28980
01
#28990
b1 W
11
#29000
01
#29010
b10 W
11
#29020
01
#29030
b11 W
11
#29040
01
#29050
1E
1D
1F
b100 W
11
#29060
01
#29070
1'
b11001000 h
b110 g
0E
0D
b110 ;
0F
1&
1$
1^
b110 Y
b0 W
b11010000 _
11
#29080
01
#29090
b1 W
11
#29100
01
#29110
b10 W
11
#29120
01
#29130
b11 W
11
#29140
01
#29150
1H
1B
1F
b100 W
11
#29160
01
#29170
b111 g
b100 d
b101 f
0H
0B
b111 ;
0F
b111001 \
b100 V
0$
0^
b111 Y
b0 W
11
#29180
01
#29190
b1 W
11
#29200
01
#29210
b10 W
11
#29220
01
#29230
b11 W
11
#29240
01
#29250
1E
1D
1F
b100 W
11
#29260
01
#29270
b1000 g
b10010000 h
0E
0D
b1000 ;
0F
1$
1^
b1000 Y
b0 W
b10100000 _
11
#29280
01
#29290
b1 W
11
#29300
01
#29310
b10 W
11
#29320
01
#29330
b11 W
11
#29340
01
#29350
1H
1B
1F
b100 W
11
#29360
01
#29370
b101 d
b1011 f
b1001 g
0H
0B
b1001 ;
0F
b1110011 \
b101 V
0$
0^
b1001 Y
b0 W
11
#29380
01
#29390
b1 W
11
#29400
01
#29410
b10 W
11
#29420
01
#29430
b11 W
11
#29440
01
#29450
1E
1D
1F
b100 W
11
#29460
01
#29470
0'
b100000 h
b1010 g
0E
0D
b1010 ;
0F
0&
1$
1^
b1010 Y
b0 W
b1000000 _
11
#29480
01
#29490
b1 W
11
#29500
01
#29510
b10 W
11
#29520
01
#29530
b11 W
11
#29540
01
#29550
1H
1B
1F
b100 W
11
#29560
01
#29570
b1011 g
b110 d
b10110 f
0H
0B
b1011 ;
0F
b11100110 \
b110 V
0$
0^
b1011 Y
b0 W
11
#29580
01
#29590
b1 W
11
#29600
01
#29610
b10 W
11
#29620
01
#29630
b11 W
11
#29640
01
#29650
1E
1D
1F
b100 W
11
#29660
01
#29670
b1100 g
b1000000 h
0E
0D
b1100 ;
0F
1&
1$
1^
b1100 Y
b0 W
b10000000 _
11
#29680
01
#29690
b1 W
11
#29700
01
#29710
b10 W
11
#29720
01
#29730
b11 W
11
#29740
01
#29750
1H
1B
1F
b100 W
11
#29760
01
#29770
b111 d
b101101 f
b1101 g
0H
0@
0B
b1101 ;
0F
b11001100 \
b111 V
0$
0^
b1101 Y
b0 W
11
#29780
01
#29790
b1 W
11
#29800
01
#29810
b10 W
11
#29820
01
#29830
b11 W
11
#29840
01
#29850
1E
1D
1F
b100 W
11
#29860
01
#29870
1'
b10000000 h
b1110 g
0E
0D
b1110 ;
0F
0&
1$
1^
b1110 Y
b0 W
b0 _
11
#29880
01
#29890
b1 W
11
#29900
01
#29910
b10 W
11
#29920
01
#29930
b11 W
11
#29940
01
#29950
1@
1H
1B
1F
b100 W
11
#29960
01
#29970
b1111 g
1"
b1011010 #
b1011010 e
b1000 d
b1011010 f
0H
0@
0B
b1111 ;
0F
b100111100 >
b10011001 %
b10011001 [
b0 V
0$
0^
b1111 Y
b0 W
1(
1X
11
#29980
01
#29990
b1 W
0(
0X
11
#30000
01
#30010
b10 W
11
#30020
01
#30030
b11 W
11
#30040
01
#30050
1E
b11 Z
1D
1A
1F
b100 W
11
#30060
01
#30070
0'
b0 g
b0 h
0E
0D
b10000 ;
0A
0F
1$
1^
b0 Y
b0 W
b11 ]
11
#30080
01
#30090
b1 W
11
#30100
01
#30110
b10 W
11
#30120
01
#30130
b11 W
11
#30140
01
#30150
b100 W
11
#30160
01
#30170
b0 Z
b101 W
11
#30180
01
#30190
b111010111101110 7
1!
0)
b0 W
b0 ]
11
#30191
b10000 <
b101010000 >
#30200
01
#30210
11
#30220
01
#30230
b11111111 m
b111100 l
b100 :
11
#30240
01
#30250
11
#30251
b1 Z
18
b11111111 5
b11111111 a
b111100 9
b111100 G
#30260
01
#30270
1'
0"
b0 d
b11111111 h
b0 f
b111011000111110 6
b0 ;
0!
1)
b1 ]
b111100 _
11
#30271
08
#30280
01
#30290
b1 W
11
#30300
01
#30310
b10 W
11
#30320
01
#30330
b10 Z
b11 W
11
#30340
01
#30350
b0 W
b10 ]
11
#30360
01
#30370
b1 W
11
#30380
01
#30390
b10 W
11
#30400
01
#30410
b11 W
11
#30420
01
#30430
1H
1B
1F
b100 W
11
#30440
01
#30450
b1 d
b1 g
0H
0B
b1 ;
0F
b10011001 \
b1 V
0$
0^
b1 Y
b0 W
11
#30460
01
#30470
b1 W
11
#30480
01
#30490
b10 W
11
#30500
01
#30510
b11 W
11
#30520
01
#30530
1E
1D
1F
b100 W
11
#30540
01
#30550
b11111110 h
b10 g
0E
0D
b10 ;
0F
1$
1^
b10 Y
b0 W
b1111000 _
11
#30560
01
#30570
b1 W
11
#30580
01
#30590
b10 W
11
#30600
01
#30610
b11 W
11
#30620
01
#30630
1H
1B
1F
b100 W
11
#30640
01
#30650
b11 g
b10 d
0H
0B
b11 ;
0F
b110011 \
b10 V
0$
0^
b11 Y
b0 W
11
#30660
01
#30670
b1 W
11
#30680
01
#30690
b10 W
11
#30700
01
#30710
b11 W
11
#30720
01
#30730
1E
1D
1F
b100 W
11
#30740
01
#30750
b100 g
b11111100 h
0E
0D
b100 ;
0F
1&
1$
1^
b100 Y
b0 W
b11110000 _
11
#30760
01
#30770
b1 W
11
#30780
01
#30790
b10 W
11
#30800
01
#30810
b11 W
11
#30820
01
#30830
1H
1B
1F
b100 W
11
#30840
01
#30850
b11 d
b1 f
b101 g
0H
0B
b101 ;
0F
b1100111 \
b11 V
0$
0^
b101 Y
b0 W
11
#30860
01
#30870
b1 W
11
#30880
01
#30890
b10 W
11
#30900
01
#30910
b11 W
11
#30920
01
#30930
1E
1D
1F
b100 W
11
#30940
01
#30950
b11111000 h
b110 g
0E
0D
b110 ;
0F
1$
1^
b110 Y
b0 W
b11100000 _
11
#30960
01
#30970
b1 W
11
#30980
01
#30990
b10 W
11
#31000
01
#31010
b11 W
11
#31020
01
#31030
1H
1B
1F
b100 W
11
#31040
01
#31050
b111 g
b100 d
b11 f
0H
0B
b111 ;
0F
b11001111 \
b100 V
0$
0^
b111 Y
b0 W
11
#31060
01
#31070
b1 W
11
#31080
01
#31090
b10 W
11
#31100
01
#31110
b11 W
11
#31120
01
#31130
1E
1D
1F
b100 W
11
#31140
01
#31150
b1000 g
b11110000 h
0E
0D
b1000 ;
0F
1$
1^
b1000 Y
b0 W
b11000000 _
11
#31160
01
#31170
b1 W
11
#31180
01
#31190
b10 W
11
#31200
01
#31210
b11 W
11
#31220
01
#31230
1H
1B
1F
b100 W
11
#31240
01
#31250
b101 d
b111 f
b1001 g
0H
0B
b1001 ;
0F
b10011111 \
b101 V
0$
0^
b1001 Y
b0 W
11
#31260
01
#31270
b1 W
11
#31280
01
#31290
b10 W
11
#31300
01
#31310
b11 W
11
#31320
01
#31330
1E
1D
1F
b100 W
11
#31340
01
#31350
b11100000 h
b1010 g
0E
0D
b1010 ;
0F
1$
1^
b1010 Y
b0 W
b10000000 _
11
#31360
01
#31370
b1 W
11
#31380
01
#31390
b10 W
11
#31400
01
#31410
b11 W
11
#31420
01
#31430
1H
1B
1F
b100 W
11
#31440
01
#31450
b1011 g
b110 d
b1111 f
0H
0B
b1011 ;
0F
b111111 \
b110 V
0$
0^
b1011 Y
b0 W
11
#31460
01
#31470
b1 W
11
#31480
01
#31490
b10 W
11
#31500
01
#31510
b11 W
11
#31520
01
#31530
1E
1D
1F
b100 W
11
#31540
01
#31550
b1100 g
b11000000 h
0E
0D
b1100 ;
0F
0&
1$
1^
b1100 Y
b0 W
b0 _
11
#31560
01
#31570
b1 W
11
#31580
01
#31590
b10 W
11
#31600
01
#31610
b11 W
11
#31620
01
#31630
1H
1B
1F
b100 W
11
#31640
01
#31650
b111 d
b11110 f
b1101 g
0H
0@
0B
b1101 ;
0F
b1111111 \
b111 V
0$
0^
b1101 Y
b0 W
11
#31660
01
#31670
b1 W
11
#31680
01
#31690
b10 W
11
#31700
01
#31710
b11 W
11
#31720
01
#31730
1E
1D
1F
b100 W
11
#31740
01
#31750
b10000000 h
b1110 g
0E
0D
b1110 ;
0F
1$
1^
b1110 Y
b0 W
11
#31760
01
#31770
b1 W
11
#31780
01
#31790
b10 W
11
#31800
01
#31810
b11 W
11
#31820
01
#31830
1@
1H
1B
1F
b100 W
11
#31840
01
#31850
b1111 g
1"
b111100 #
b111100 e
b1000 d
b111100 f
0H
0@
0B
b1111 ;
0F
b101010001 >
b11111111 %
b11111111 [
b0 V
0$
0^
b1111 Y
b0 W
1(
1X
11
#31860
01
#31870
b1 W
0(
0X
11
#31880
01
#31890
b10 W
11
#31900
01
#31910
b11 W
11
#31920
01
#31930
1E
b11 Z
1D
1A
1F
b100 W
11
#31940
01
#31950
0'
b0 g
b0 h
0E
0D
b10000 ;
0A
0F
1$
1^
b0 Y
b0 W
b11 ]
11
#31960
01
#31970
b1 W
11
#31980
01
#31990
b10 W
11
#32000
01
#32010
b11 W
11
#32020
01
#32030
b100 W
11
#32040
01
#32050
b0 Z
b101 W
11
#32060
01
#32070
b111110101000110 7
1!
0)
b0 W
b0 ]
11
#32071
b10000 <
b101100101 >
#32080
01
#32090
11
#32100
01
#32110
b1000010 m
b10000001 l
b101 :
11
#32120
01
#32130
11
#32131
b1 Z
18
b1000010 5
b1000010 a
b10000001 9
b10000001 G
#32140
01
#32150
b111110110010110 6
b0 ;
b0 f
0"
b0 d
b1000010 h
0!
1)
1&
b1 ]
b10000001 _
11
#32151
08
#32160
01
#32170
b1 W
11
#32180
01
#32190
b10 W
11
#32200
01
#32210
b10 Z
b11 W
11
#32220
01
#32230
b0 W
b10 ]
11
#32240
01
#32250
b1 W
11
#32260
01
#32270
b10 W
11
#32280
01
#32290
b11 W
11
#32300
01
#32310
1H
1B
1F
b100 W
11
#32320
01
#32330
b1 d
b1 f
b1 g
0H
0B
b1 ;
0F
b11111110 \
b1 V
0$
0^
b1 Y
b0 W
11
#32340
01
#32350
b1 W
11
#32360
01
#32370
b10 W
11
#32380
01
#32390
b11 W
11
#32400
01
#32410
1E
1D
1F
b100 W
11
#32420
01
#32430
1'
b10000100 h
b10 g
0E
0D
b10 ;
0F
0&
1$
1^
b10 Y
b0 W
b10 _
11
#32440
01
#32450
b1 W
11
#32460
01
#32470
b10 W
11
#32480
01
#32490
b11 W
11
#32500
01
#32510
1H
1B
1F
b100 W
11
#32520
01
#32530
b11 g
b10 d
b10 f
0H
0B
b11 ;
0F
b11111101 \
b10 V
0$
0^
b11 Y
b0 W
11
#32540
01
#32550
b1 W
11
#32560
01
#32570
b10 W
11
#32580
01
#32590
b11 W
11
#32600
01
#32610
1E
1D
1F
b100 W
11
#32620
01
#32630
0'
b100 g
b1000 h
0E
0D
b100 ;
0F
1$
1^
b100 Y
b0 W
b100 _
11
#32640
01
#32650
b1 W
11
#32660
01
#32670
b10 W
11
#32680
01
#32690
b11 W
11
#32700
01
#32710
1H
1B
1F
b100 W
11
#32720
01
#32730
b11 d
b100 f
b101 g
0H
0B
b101 ;
0F
b11111010 \
b11 V
0$
0^
b101 Y
b0 W
11
#32740
01
#32750
b1 W
11
#32760
01
#32770
b10 W
11
#32780
01
#32790
b11 W
11
#32800
01
#32810
1E
1D
1F
b100 W
11
#32820
01
#32830
b10000 h
b110 g
0E
0D
b110 ;
0F
1$
1^
b110 Y
b0 W
b1000 _
11
#32840
01
#32850
b1 W
11
#32860
01
#32870
b10 W
11
#32880
01
#32890
b11 W
11
#32900
01
#32910
1H
1B
1F
b100 W
11
#32920
01
#32930
b111 g
b100 d
b1000 f
0H
0B
b111 ;
0F
b11110100 \
b100 V
0$
0^
b111 Y
b0 W
11
#32940
01
#32950
b1 W
11
#32960
01
#32970
b10 W
11
#32980
01
#32990
b11 W
11
#33000
01
#33010
1E
1D
1F
b100 W
11
#33020
01
#33030
b1000 g
b100000 h
0E
0D
b1000 ;
0F
1$
1^
b1000 Y
b0 W
b10000 _
11
#33040
01
#33050
b1 W
11
#33060
01
#33070
b10 W
11
#33080
01
#33090
b11 W
11
#33100
01
#33110
1H
1B
1F
b100 W
11
#33120
01
#33130
b101 d
b10000 f
b1001 g
0H
0B
b1001 ;
0F
b11101000 \
b101 V
0$
0^
b1001 Y
b0 W
11
#33140
01
#33150
b1 W
11
#33160
01
#33170
b10 W
11
#33180
01
#33190
b11 W
11
#33200
01
#33210
1E
1D
1F
b100 W
11
#33220
01
#33230
b1000000 h
b1010 g
0E
0D
b1010 ;
0F
1$
1^
b1010 Y
b0 W
b100000 _
11
#33240
01
#33250
b1 W
11
#33260
01
#33270
b10 W
11
#33280
01
#33290
b11 W
11
#33300
01
#33310
1H
1B
1F
b100 W
11
#33320
01
#33330
b1011 g
b110 d
b100000 f
0H
0B
b1011 ;
0F
b11010000 \
b110 V
0$
0^
b1011 Y
b0 W
11
#33340
01
#33350
b1 W
11
#33360
01
#33370
b10 W
11
#33380
01
#33390
b11 W
11
#33400
01
#33410
1E
1D
1F
b100 W
11
#33420
01
#33430
1'
b1100 g
b10000000 h
0E
0D
b1100 ;
0F
1$
1^
b1100 Y
b0 W
b1000000 _
11
#33440
01
#33450
b1 W
11
#33460
01
#33470
b10 W
11
#33480
01
#33490
b11 W
11
#33500
01
#33510
1H
1B
1F
b100 W
11
#33520
01
#33530
b111 d
b1000000 f
b1101 g
0H
0@
0B
b1101 ;
0F
b10100001 \
b111 V
0$
0^
b1101 Y
b0 W
11
#33540
01
#33550
b1 W
11
#33560
01
#33570
b10 W
11
#33580
01
#33590
b11 W
11
#33600
01
#33610
1E
1D
1F
b100 W
11
#33620
01
#33630
0'
b0 h
b1110 g
0E
0D
b1110 ;
0F
1&
1$
1^
b1110 Y
b0 W
b10000000 _
11
#33640
01
#33650
b1 W
11
#33660
01
#33670
b10 W
11
#33680
01
#33690
b11 W
11
#33700
01
#33710
1@
1H
1B
1F
b100 W
11
#33720
01
#33730
b1111 g
1"
b10000001 #
b10000001 e
b1000 d
b10000001 f
0H
0@
0B
b1111 ;
0F
b101100110 >
b1000010 %
b1000010 [
b0 V
0$
0^
b1111 Y
b0 W
1(
1X
11
#33740
01
#33750
b1 W
0(
0X
11
#33760
01
#33770
b10 W
11
#33780
01
#33790
b11 W
11
#33800
01
#33810
1E
b11 Z
1D
1A
1F
b100 W
11
#33820
01
#33830
b0 g
0E
0D
b10000 ;
0A
0F
0&
1$
1^
b0 Y
b0 W
b11 ]
b0 _
11
#33840
01
#33850
b1 W
11
#33860
01
#33870
b10 W
11
#33880
01
#33890
b11 W
11
#33900
01
#33910
b100 W
11
#33920
01
#33930
b0 Z
b101 W
11
#33940
01
#33950
b1000010010011110 7
1!
0)
b0 W
b0 ]
11
#33951
b10000 <
b101111010 >
#33960
01
#33970
11
#33980
01
#33990
1j
b11000011 m
b0 l
b11 =
b0 :
11
#34000
01
#34010
11
#34011
b1 Z
0C
0`
0b
18
b11000011 5
b11000011 a
b0 9
b0 G
12
#34020
01
#34030
1'
0"
b0 d
b11000011 h
b0 f
b1000010011101110 6
b0 ;
0!
1)
b1 ]
11
#34031
08
#34040
01
#34050
b1 W
11
#34060
01
#34070
b10 W
11
#34080
01
#34090
b10 Z
b11 W
11
#34100
01
#34110
b0 W
b10 ]
11
#34120
01
#34130
b1 W
11
#34140
01
#34150
b10 W
11
#34160
01
#34170
b11 W
11
#34180
01
#34190
1B
1F
b100 W
11
#34200
01
#34210
1b
b1 g
0E
0B
b1 ;
0F
0$
0^
b1 Y
b0 W
11
#34220
01
#34230
b1 W
11
#34240
01
#34250
b10 W
11
#34260
01
#34270
b11 W
11
#34280
01
#34290
1H
1D
1F
b100 W
11
#34300
01
#34310
b1 d
b10 g
0H
0D
b10 ;
0F
1$
1^
b10 Y
b0 W
b1000011 \
b1 V
11
#34320
01
#34330
b1 W
11
#34340
01
#34350
b10 W
11
#34360
01
#34370
b11 W
11
#34380
01
#34390
1E
1B
1F
b100 W
11
#34400
01
#34410
b11 g
b10000110 h
0E
0B
b11 ;
0F
0$
0^
b11 Y
b0 W
11
#34420
01
#34430
b1 W
11
#34440
01
#34450
b10 W
11
#34460
01
#34470
b11 W
11
#34480
01
#34490
1H
1D
1F
b100 W
11
#34500
01
#34510
b100 g
b10 d
0H
0D
b100 ;
0F
1$
1^
b100 Y
b0 W
b10000111 \
b10 V
11
#34520
01
#34530
b1 W
11
#34540
01
#34550
b10 W
11
#34560
01
#34570
b11 W
11
#34580
01
#34590
1E
1B
1F
b100 W
11
#34600
01
#34610
0'
b1100 h
b101 g
0E
0B
b101 ;
0F
0$
0^
b101 Y
b0 W
11
#34620
01
#34630
b1 W
11
#34640
01
#34650
b10 W
11
#34660
01
#34670
b11 W
11
#34680
01
#34690
1H
1D
1F
b100 W
11
#34700
01
#34710
b11 d
b110 g
0H
0D
b110 ;
0F
1$
1^
b110 Y
b0 W
b1110 \
b11 V
11
#34720
01
#34730
b1 W
11
#34740
01
#34750
b10 W
11
#34760
01
#34770
b11 W
11
#34780
01
#34790
1E
1B
1F
b100 W
11
#34800
01
#34810
b111 g
b11000 h
0E
0B
b111 ;
0F
0$
0^
b111 Y
b0 W
11
#34820
01
#34830
b1 W
11
#34840
01
#34850
b10 W
11
#34860
01
#34870
b11 W
11
#34880
01
#34890
1H
1D
1F
b100 W
11
#34900
01
#34910
b1000 g
b100 d
0H
0D
b1000 ;
0F
1$
1^
b1000 Y
b0 W
b11100 \
b100 V
11
#34920
01
#34930
b1 W
11
#34940
01
#34950
b10 W
11
#34960
01
#34970
b11 W
11
#34980
01
#34990
1E
1B
1F
b100 W
11
#35000
01
#35010
b110000 h
b1001 g
0E
0B
b1001 ;
0F
0$
0^
b1001 Y
b0 W
11
#35020
01
#35030
b1 W
11
#35040
01
#35050
b10 W
11
#35060
01
#35070
b11 W
11
#35080
01
#35090
1H
1D
1F
b100 W
11
#35100
01
#35110
b101 d
b1010 g
0H
0D
b1010 ;
0F
1$
1^
b1010 Y
b0 W
b111000 \
b101 V
11
#35120
01
#35130
b1 W
11
#35140
01
#35150
b10 W
11
#35160
01
#35170
b11 W
11
#35180
01
#35190
1E
1B
1F
b100 W
11
#35200
01
#35210
b1011 g
b1100000 h
0E
0B
b1011 ;
0F
0$
0^
b1011 Y
b0 W
11
#35220
01
#35230
b1 W
11
#35240
01
#35250
b10 W
11
#35260
01
#35270
b11 W
11
#35280
01
#35290
1H
1D
1F
b100 W
11
#35300
01
#35310
b1100 g
b110 d
0H
0D
b1100 ;
0F
1$
1^
b1100 Y
b0 W
b1110000 \
b110 V
11
#35320
01
#35330
b1 W
11
#35340
01
#35350
b10 W
11
#35360
01
#35370
b11 W
11
#35380
01
#35390
1E
1B
1F
b100 W
11
#35400
01
#35410
1'
b11000000 h
b1101 g
0E
0B
b1101 ;
0F
0$
0^
b1101 Y
b0 W
11
#35420
01
#35430
b1 W
11
#35440
01
#35450
b10 W
11
#35460
01
#35470
b11 W
11
#35480
01
#35490
1H
1D
1F
b100 W
11
#35500
01
#35510
b111 d
b1110 g
0H
0D
b1110 ;
0F
0@
1$
1^
b1110 Y
b0 W
b11100001 \
b111 V
11
#35520
01
#35530
b1 W
11
#35540
01
#35550
b10 W
11
#35560
01
#35570
b11 W
11
#35580
01
#35590
1E
1B
1F
b100 W
11
#35600
01
#35610
b1111 g
b10000000 h
0E
0B
b1111 ;
0F
0$
0^
b1111 Y
b0 W
11
#35620
01
#35630
b1 W
11
#35640
01
#35650
b10 W
11
#35660
01
#35670
b11 W
11
#35680
01
#35690
1@
1H
b11 Z
1D
1A
1F
b100 W
11
#35700
01
#35710
0b
b0 g
1"
b0 #
b0 e
b1000 d
0H
0D
b10000 ;
0A
b101111011 >
0F
0@
1$
1^
b0 Y
b0 W
1(
1X
b11 ]
b11000011 %
b11000011 [
b0 V
11
#35720
01
#35730
b1 W
0(
0X
11
#35740
01
#35750
b10 W
11
#35760
01
#35770
b11 W
11
#35780
01
#35790
b100 W
11
#35800
01
#35810
b0 Z
b101 W
11
#35820
01
#35830
b1000101111110110 7
1!
0)
b0 W
b0 ]
11
#35831
b10000 <
b110001111 >
#35840
01
#35850
11
#35860
01
#35870
b111100 m
b11111111 l
b1 :
11
#35880
01
#35890
11
#35891
b1 Z
18
b111100 5
b111100 a
b11111111 9
b11111111 G
#35900
01
#35910
0'
b1000110001000110 6
b0 ;
0"
b0 d
b111100 h
0!
1)
1&
b1 ]
b11111111 _
11
#35911
08
#35920
01
#35930
b1 W
11
#35940
01
#35950
b10 W
11
#35960
01
#35970
b10 Z
b11 W
11
#35980
01
#35990
b0 W
b10 ]
11
#36000
01
#36010
b1 W
11
#36020
01
#36030
b10 W
11
#36040
01
#36050
b11 W
11
#36060
01
#36070
1B
1F
b100 W
11
#36080
01
#36090
1b
b1 g
0E
0B
b1 ;
0F
0$
0^
b1 Y
b0 W
11
#36100
01
#36110
b1 W
11
#36120
01
#36130
b10 W
11
#36140
01
#36150
b11 W
11
#36160
01
#36170
1H
1D
1F
b100 W
11
#36180
01
#36190
b1 d
b1 f
b10 g
0H
0D
b10 ;
0F
1$
1^
b10 Y
b0 W
b11000010 \
b1 V
11
#36200
01
#36210
b1 W
11
#36220
01
#36230
b10 W
11
#36240
01
#36250
b11 W
11
#36260
01
#36270
1E
1B
1F
b100 W
11
#36280
01
#36290
b11 g
b1111000 h
0E
0B
b11 ;
0F
b11111110 _
0$
0^
b11 Y
b0 W
11
#36300
01
#36310
b1 W
11
#36320
01
#36330
b10 W
11
#36340
01
#36350
b11 W
11
#36360
01
#36370
1H
1D
1F
b100 W
11
#36380
01
#36390
b100 g
b10 d
b11 f
0H
0D
b100 ;
0F
1$
1^
b100 Y
b0 W
b10000100 \
b10 V
11
#36400
01
#36410
b1 W
11
#36420
01
#36430
b10 W
11
#36440
01
#36450
b11 W
11
#36460
01
#36470
1E
1B
1F
b100 W
11
#36480
01
#36490
1'
b11110000 h
b101 g
0E
0B
b101 ;
0F
b11111100 _
0$
0^
b101 Y
b0 W
11
#36500
01
#36510
b1 W
11
#36520
01
#36530
b10 W
11
#36540
01
#36550
b11 W
11
#36560
01
#36570
1H
1D
1F
b100 W
11
#36580
01
#36590
b11 d
b111 f
b110 g
0H
0D
b110 ;
0F
1$
1^
b110 Y
b0 W
b1001 \
b11 V
11
#36600
01
#36610
b1 W
11
#36620
01
#36630
b10 W
11
#36640
01
#36650
b11 W
11
#36660
01
#36670
1E
1B
1F
b100 W
11
#36680
01
#36690
b111 g
b11100000 h
0E
0B
b111 ;
0F
b11111000 _
0$
0^
b111 Y
b0 W
11
#36700
01
#36710
b1 W
11
#36720
01
#36730
b10 W
11
#36740
01
#36750
b11 W
11
#36760
01
#36770
1H
1D
1F
b100 W
11
#36780
01
#36790
b1000 g
b100 d
b1111 f
0H
0D
b1000 ;
0F
1$
1^
b1000 Y
b0 W
b10011 \
b100 V
11
#36800
01
#36810
b1 W
11
#36820
01
#36830
b10 W
11
#36840
01
#36850
b11 W
11
#36860
01
#36870
1E
1B
1F
b100 W
11
#36880
01
#36890
b11000000 h
b1001 g
0E
0B
b1001 ;
0F
b11110000 _
0$
0^
b1001 Y
b0 W
11
#36900
01
#36910
b1 W
11
#36920
01
#36930
b10 W
11
#36940
01
#36950
b11 W
11
#36960
01
#36970
1H
1D
1F
b100 W
11
#36980
01
#36990
b101 d
b11111 f
b1010 g
0H
0D
b1010 ;
0F
1$
1^
b1010 Y
b0 W
b100111 \
b101 V
11
#37000
01
#37010
b1 W
11
#37020
01
#37030
b10 W
11
#37040
01
#37050
b11 W
11
#37060
01
#37070
1E
1B
1F
b100 W
11
#37080
01
#37090
b1011 g
b10000000 h
0E
0B
b1011 ;
0F
b11100000 _
0$
0^
b1011 Y
b0 W
11
#37100
01
#37110
b1 W
11
#37120
01
#37130
b10 W
11
#37140
01
#37150
b11 W
11
#37160
01
#37170
1H
1D
1F
b100 W
11
#37180
01
#37190
b1100 g
b110 d
b111111 f
0H
0D
b1100 ;
0F
1$
1^
b1100 Y
b0 W
b1001111 \
b110 V
11
#37200
01
#37210
b1 W
11
#37220
01
#37230
b10 W
11
#37240
01
#37250
b11 W
11
#37260
01
#37270
1E
1B
1F
b100 W
11
#37280
01
#37290
0'
b0 h
b1101 g
0E
0B
b1101 ;
0F
b11000000 _
0$
0^
b1101 Y
b0 W
11
#37300
01
#37310
b1 W
11
#37320
01
#37330
b10 W
11
#37340
01
#37350
b11 W
11
#37360
01
#37370
1H
1D
1F
b100 W
11
#37380
01
#37390
b111 d
b1111111 f
b1110 g
0H
0D
b1110 ;
0F
0@
1$
1^
b1110 Y
b0 W
b10011110 \
b111 V
11
#37400
01
#37410
b1 W
11
#37420
01
#37430
b10 W
11
#37440
01
#37450
b11 W
11
#37460
01
#37470
1E
1B
1F
b100 W
11
#37480
01
#37490
b1111 g
0E
0B
b1111 ;
0F
b10000000 _
0$
0^
b1111 Y
b0 W
11
#37500
01
#37510
b1 W
11
#37520
01
#37530
b10 W
11
#37540
01
#37550
b11 W
11
#37560
01
#37570
1@
1H
b11 Z
1D
1A
1F
b100 W
11
#37580
01
#37590
0b
b0 g
1"
b11111111 #
b11111111 e
b1000 d
b11111111 f
0H
0D
b10000 ;
0A
b110010000 >
0F
0@
1$
1^
b0 Y
b0 W
1(
1X
b11 ]
b111100 %
b111100 [
b0 V
11
#37600
01
#37610
b1 W
0(
0X
11
#37620
01
#37630
b10 W
11
#37640
01
#37650
b11 W
11
#37660
01
#37670
b100 W
11
#37680
01
#37690
b0 Z
b101 W
11
#37700
01
#37710
b1001001101001110 7
1!
0)
b0 W
b0 ]
11
#37711
b10000 <
b110100100 >
#37720
01
#37730
11
#37740
01
#37750
b1100110 m
b10100101 l
b10 :
11
#37760
01
#37770
11
#37771
b1 Z
18
b1100110 5
b1100110 a
b10100101 9
b10100101 G
#37780
01
#37790
0"
b0 d
b1100110 h
b0 f
b1001001110011110 6
b0 ;
0!
1)
b1 ]
b10100101 _
11
#37791
08
#37800
01
#37810
b1 W
11
#37820
01
#37830
b10 W
11
#37840
01
#37850
b10 Z
b11 W
11
#37860
01
#37870
b0 W
b10 ]
11
#37880
01
#37890
b1 W
11
#37900
01
#37910
b10 W
11
#37920
01
#37930
b11 W
11
#37940
01
#37950
1B
1F
b100 W
11
#37960
01
#37970
1b
b1 g
0E
0B
b1 ;
0F
0$
0^
b1 Y
b0 W
11
#37980
01
#37990
b1 W
11
#38000
01
#38010
b10 W
11
#38020
01
#38030
b11 W
11
#38040
01
#38050
1H
1D
1F
b100 W
11
#38060
01
#38070
b1 d
b1 f
b10 g
0H
0D
b10 ;
0F
1$
1^
b10 Y
b0 W
b111100 \
b1 V
11
#38080
01
#38090
b1 W
11
#38100
01
#38110
b10 W
11
#38120
01
#38130
b11 W
11
#38140
01
#38150
1E
1B
1F
b100 W
11
#38160
01
#38170
1'
b11 g
b11001100 h
0E
0&
0B
b11 ;
0F
b1001010 _
0$
0^
b11 Y
b0 W
11
#38180
01
#38190
b1 W
11
#38200
01
#38210
b10 W
11
#38220
01
#38230
b11 W
11
#38240
01
#38250
1H
1D
1F
b100 W
11
#38260
01
#38270
b100 g
b10 d
b10 f
0H
0D
b100 ;
0F
1$
1^
b100 Y
b0 W
b1111001 \
b10 V
11
#38280
01
#38290
b1 W
11
#38300
01
#38310
b10 W
11
#38320
01
#38330
b11 W
11
#38340
01
#38350
1E
1B
1F
b100 W
11
#38360
01
#38370
b10011000 h
b101 g
0E
1&
0B
b101 ;
0F
b10010100 _
0$
0^
b101 Y
b0 W
11
#38380
01
#38390
b1 W
11
#38400
01
#38410
b10 W
11
#38420
01
#38430
b11 W
11
#38440
01
#38450
1H
1D
1F
b100 W
11
#38460
01
#38470
b11 d
b101 f
b110 g
0H
0D
b110 ;
0F
1$
1^
b110 Y
b0 W
b11110011 \
b11 V
11
#38480
01
#38490
b1 W
11
#38500
01
#38510
b10 W
11
#38520
01
#38530
b11 W
11
#38540
01
#38550
1E
1B
1F
b100 W
11
#38560
01
#38570
0'
b111 g
b110000 h
0E
0&
0B
b111 ;
0F
b101000 _
0$
0^
b111 Y
b0 W
11
#38580
01
#38590
b1 W
11
#38600
01
#38610
b10 W
11
#38620
01
#38630
b11 W
11
#38640
01
#38650
1H
1D
1F
b100 W
11
#38660
01
#38670
b1000 g
b100 d
b1010 f
0H
0D
b1000 ;
0F
1$
1^
b1000 Y
b0 W
b11100110 \
b100 V
11
#38680
01
#38690
b1 W
11
#38700
01
#38710
b10 W
11
#38720
01
#38730
b11 W
11
#38740
01
#38750
1E
1B
1F
b100 W
11
#38760
01
#38770
b1100000 h
b1001 g
0E
0B
b1001 ;
0F
b1010000 _
0$
0^
b1001 Y
b0 W
11
#38780
01
#38790
b1 W
11
#38800
01
#38810
b10 W
11
#38820
01
#38830
b11 W
11
#38840
01
#38850
1H
1D
1F
b100 W
11
#38860
01
#38870
b101 d
b10100 f
b1010 g
0H
0D
b1010 ;
0F
1$
1^
b1010 Y
b0 W
b11001100 \
b101 V
11
#38880
01
#38890
b1 W
11
#38900
01
#38910
b10 W
11
#38920
01
#38930
b11 W
11
#38940
01
#38950
1E
1B
1F
b100 W
11
#38960
01
#38970
1'
b1011 g
b11000000 h
0E
1&
0B
b1011 ;
0F
b10100000 _
0$
0^
b1011 Y
b0 W
11
#38980
01
#38990
b1 W
11
#39000
01
#39010
b10 W
11
#39020
01
#39030
b11 W
11
#39040
01
#39050
1H
1D
1F
b100 W
11
#39060
01
#39070
b1100 g
b110 d
b101001 f
0H
0D
b1100 ;
0F
1$
1^
b1100 Y
b0 W
b10011001 \
b110 V
11
#39080
01
#39090
b1 W
11
#39100
01
#39110
b10 W
11
#39120
01
#39130
b11 W
11
#39140
01
#39150
1E
1B
1F
b100 W
11
#39160
01
#39170
b10000000 h
b1101 g
0E
0&
0B
b1101 ;
0F
b1000000 _
0$
0^
b1101 Y
b0 W
11
#39180
01
#39190
b1 W
11
#39200
01
#39210
b10 W
11
#39220
01
#39230
b11 W
11
#39240
01
#39250
1H
1D
1F
b100 W
11
#39260
01
#39270
b111 d
b1010010 f
b1110 g
0H
0D
b1110 ;
0F
0@
1$
1^
b1110 Y
b0 W
b110011 \
b111 V
11
#39280
01
#39290
b1 W
11
#39300
01
#39310
b10 W
11
#39320
01
#39330
b11 W
11
#39340
01
#39350
1E
1B
1F
b100 W
11
#39360
01
#39370
0'
b1111 g
b0 h
0E
1&
0B
b1111 ;
0F
b10000000 _
0$
0^
b1111 Y
b0 W
11
#39380
01
#39390
b1 W
11
#39400
01
#39410
b10 W
11
#39420
01
#39430
b11 W
11
#39440
01
#39450
1@
1H
b11 Z
1D
1A
1F
b100 W
11
#39460
01
#39470
0b
b0 g
1"
b10100101 #
b10100101 e
b1000 d
b10100101 f
0H
0D
b10000 ;
0A
b110100101 >
0F
0@
1$
1^
b0 Y
b0 W
1(
1X
b11 ]
b1100110 %
b1100110 [
b0 V
11
#39480
01
#39490
b1 W
0(
0X
11
#39500
01
#39510
b10 W
11
#39520
01
#39530
b11 W
11
#39540
01
#39550
b100 W
11
#39560
01
#39570
b0 Z
b101 W
11
#39580
01
#39590
b1001101010100110 7
1!
0)
b0 W
b0 ]
11
#39591
b10000 <
b110111001 >
#39600
01
#39610
11
#39620
01
#39630
b10011001 m
b1011010 l
b11 :
11
#39640
01
#39650
11
#39651
b1 Z
18
b10011001 5
b10011001 a
b1011010 9
b1011010 G
#39660
01
#39670
1'
b1001101011110110 6
b0 ;
b0 f
0"
b0 d
b10011001 h
0!
1)
0&
b1 ]
b1011010 _
11
#39671
08
#39680
01
#39690
b1 W
11
#39700
01
#39710
b10 W
11
#39720
01
#39730
b10 Z
b11 W
11
#39740
01
#39750
b0 W
b10 ]
11
#39760
01
#39770
b1 W
11
#39780
01
#39790
b10 W
11
#39800
01
#39810
b11 W
11
#39820
01
#39830
1B
1F
b100 W
11
#39840
01
#39850
1b
b1 g
0E
0B
b1 ;
0F
0$
0^
b1 Y
b0 W
11
#39860
01
#39870
b1 W
11
#39880
01
#39890
b10 W
11
#39900
01
#39910
b11 W
11
#39920
01
#39930
1H
1D
1F
b100 W
11
#39940
01
#39950
b1 d
b10 g
0H
0D
b10 ;
0F
1$
1^
b10 Y
b0 W
b1100111 \
b1 V
11
#39960
01
#39970
b1 W
11
#39980
01
#39990
b10 W
11
#40000
01
#40010
b11 W
11
#40020
01
#40030
1E
1B
1F
b100 W
11
#40040
01
#40050
0'
b11 g
b110010 h
0E
1&
0B
b11 ;
0F
b10110100 _
0$
0^
b11 Y
b0 W
11
#40060
01
#40070
b1 W
11
#40080
01
#40090
b10 W
11
#40100
01
#40110
b11 W
11
#40120
01
#40130
1H
1D
1F
b100 W
11
#40140
01
#40150
b100 g
b10 d
b1 f
0H
0D
b100 ;
0F
1$
1^
b100 Y
b0 W
b11001110 \
b10 V
11
#40160
01
#40170
b1 W
11
#40180
01
#40190
b10 W
11
#40200
01
#40210
b11 W
11
#40220
01
#40230
1E
1B
1F
b100 W
11
#40240
01
#40250
b1100100 h
b101 g
0E
0&
0B
b101 ;
0F
b1101000 _
0$
0^
b101 Y
b0 W
11
#40260
01
#40270
b1 W
11
#40280
01
#40290
b10 W
11
#40300
01
#40310
b11 W
11
#40320
01
#40330
1H
1D
1F
b100 W
11
#40340
01
#40350
b11 d
b10 f
b110 g
0H
0D
b110 ;
0F
1$
1^
b110 Y
b0 W
b10011100 \
b11 V
11
#40360
01
#40370
b1 W
11
#40380
01
#40390
b10 W
11
#40400
01
#40410
b11 W
11
#40420
01
#40430
1E
1B
1F
b100 W
11
#40440
01
#40450
1'
b111 g
b11001000 h
0E
1&
0B
b111 ;
0F
b11010000 _
0$
0^
b111 Y
b0 W
11
#40460
01
#40470
b1 W
11
#40480
01
#40490
b10 W
11
#40500
01
#40510
b11 W
11
#40520
01
#40530
1H
1D
1F
b100 W
11
#40540
01
#40550
b1000 g
b100 d
b101 f
0H
0D
b1000 ;
0F
1$
1^
b1000 Y
b0 W
b111001 \
b100 V
11
#40560
01
#40570
b1 W
11
#40580
01
#40590
b10 W
11
#40600
01
#40610
b11 W
11
#40620
01
#40630
1E
1B
1F
b100 W
11
#40640
01
#40650
b10010000 h
b1001 g
0E
0B
b1001 ;
0F
b10100000 _
0$
0^
b1001 Y
b0 W
11
#40660
01
#40670
b1 W
11
#40680
01
#40690
b10 W
11
#40700
01
#40710
b11 W
11
#40720
01
#40730
1H
1D
1F
b100 W
11
#40740
01
#40750
b101 d
b1011 f
b1010 g
0H
0D
b1010 ;
0F
1$
1^
b1010 Y
b0 W
b1110011 \
b101 V
11
#40760
01
#40770
b1 W
11
#40780
01
#40790
b10 W
11
#40800
01
#40810
b11 W
11
#40820
01
#40830
1E
1B
1F
b100 W
11
#40840
01
#40850
0'
b1011 g
b100000 h
0E
0&
0B
b1011 ;
0F
b1000000 _
0$
0^
b1011 Y
b0 W
11
#40860
01
#40870
b1 W
11
#40880
01
#40890
b10 W
11
#40900
01
#40910
b11 W
11
#40920
01
#40930
1H
1D
1F
b100 W
11
#40940
01
#40950
b1100 g
b110 d
b10110 f
0H
0D
b1100 ;
0F
1$
1^
b1100 Y
b0 W
b11100110 \
b110 V
11
#40960
01
#40970
b1 W
11
#40980
01
#40990
b10 W
11
#41000
01
#41010
b11 W
11
#41020
01
#41030
1E
1B
1F
b100 W
11
#41040
01
#41050
b1000000 h
b1101 g
0E
1&
0B
b1101 ;
0F
b10000000 _
0$
0^
b1101 Y
b0 W
11
#41060
01
#41070
b1 W
11
#41080
01
#41090
b10 W
11
#41100
01
#41110
b11 W
11
#41120
01
#41130
1H
1D
1F
b100 W
11
#41140
01
#41150
b111 d
b101101 f
b1110 g
0H
0D
b1110 ;
0F
0@
1$
1^
b1110 Y
b0 W
b11001100 \
b111 V
11
#41160
01
#41170
b1 W
11
#41180
01
#41190
b10 W
11
#41200
01
#41210
b11 W
11
#41220
01
#41230
1E
1B
1F
b100 W
11
#41240
01
#41250
1'
b1111 g
b10000000 h
0E
0&
0B
b1111 ;
0F
b0 _
0$
0^
b1111 Y
b0 W
11
#41260
01
#41270
b1 W
11
#41280
01
#41290
b10 W
11
#41300
01
#41310
b11 W
11
#41320
01
#41330
1@
1H
b11 Z
1D
1A
1F
b100 W
11
#41340
01
#41350
0b
b0 g
1"
b1011010 #
b1011010 e
b1000 d
b1011010 f
0H
0D
b10000 ;
0A
b110111010 >
0F
0@
1$
1^
b0 Y
b0 W
1(
1X
b11 ]
b10011001 %
b10011001 [
b0 V
11
#41360
01
#41370
b1 W
0(
0X
11
#41380
01
#41390
b10 W
11
#41400
01
#41410
b11 W
11
#41420
01
#41430
b100 W
11
#41440
01
#41450
b0 Z
b101 W
11
#41460
01
#41470
b1010000111111110 7
1!
0)
b0 W
b0 ]
11
#41471
b10000 <
b111001110 >
#41480
01
#41490
11
#41500
01
#41510
b11111111 m
b111100 l
b100 :
11
#41520
01
#41530
11
#41531
b1 Z
18
b11111111 5
b11111111 a
b111100 9
b111100 G
#41540
01
#41550
0"
b0 d
b11111111 h
b0 f
b1010001001001110 6
b0 ;
0!
1)
b1 ]
b111100 _
11
#41551
08
#41560
01
#41570
b1 W
11
#41580
01
#41590
b10 W
11
#41600
01
#41610
b10 Z
b11 W
11
#41620
01
#41630
b0 W
b10 ]
11
#41640
01
#41650
b1 W
11
#41660
01
#41670
b10 W
11
#41680
01
#41690
b11 W
11
#41700
01
#41710
1B
1F
b100 W
11
#41720
01
#41730
1b
b1 g
0E
0B
b1 ;
0F
0$
0^
b1 Y
b0 W
11
#41740
01
#41750
b1 W
11
#41760
01
#41770
b10 W
11
#41780
01
#41790
b11 W
11
#41800
01
#41810
1H
1D
1F
b100 W
11
#41820
01
#41830
b1 d
b10 g
0H
0D
b10 ;
0F
1$
1^
b10 Y
b0 W
b10011001 \
b1 V
11
#41840
01
#41850
b1 W
11
#41860
01
#41870
b10 W
11
#41880
01
#41890
b11 W
11
#41900
01
#41910
1E
1B
1F
b100 W
11
#41920
01
#41930
b11 g
b11111110 h
0E
0B
b11 ;
0F
b1111000 _
0$
0^
b11 Y
b0 W
11
#41940
01
#41950
b1 W
11
#41960
01
#41970
b10 W
11
#41980
01
#41990
b11 W
11
#42000
01
#42010
1H
1D
1F
b100 W
11
#42020
01
#42030
b100 g
b10 d
0H
0D
b100 ;
0F
1$
1^
b100 Y
b0 W
b110011 \
b10 V
11
#42040
01
#42050
b1 W
11
#42060
01
#42070
b10 W
11
#42080
01
#42090
b11 W
11
#42100
01
#42110
1E
1B
1F
b100 W
11
#42120
01
#42130
b11111100 h
b101 g
0E
1&
0B
b101 ;
0F
b11110000 _
0$
0^
b101 Y
b0 W
11
#42140
01
#42150
b1 W
11
#42160
01
#42170
b10 W
11
#42180
01
#42190
b11 W
11
#42200
01
#42210
1H
1D
1F
b100 W
11
#42220
01
#42230
b11 d
b1 f
b110 g
0H
0D
b110 ;
0F
1$
1^
b110 Y
b0 W
b1100111 \
b11 V
11
#42240
01
#42250
b1 W
11
#42260
01
#42270
b10 W
11
#42280
01
#42290
b11 W
11
#42300
01
#42310
1E
1B
1F
b100 W
11
#42320
01
#42330
b111 g
b11111000 h
0E
0B
b111 ;
0F
b11100000 _
0$
0^
b111 Y
b0 W
11
#42340
01
#42350
b1 W
11
#42360
01
#42370
b10 W
11
#42380
01
#42390
b11 W
11
#42400
01
#42410
1H
1D
1F
b100 W
11
#42420
01
#42430
b1000 g
b100 d
b11 f
0H
0D
b1000 ;
0F
1$
1^
b1000 Y
b0 W
b11001111 \
b100 V
11
#42440
01
#42450
b1 W
11
#42460
01
#42470
b10 W
11
#42480
01
#42490
b11 W
11
#42500
01
#42510
1E
1B
1F
b100 W
11
#42520
01
#42530
b11110000 h
b1001 g
0E
0B
b1001 ;
0F
b11000000 _
0$
0^
b1001 Y
b0 W
11
#42540
01
#42550
b1 W
11
#42560
01
#42570
b10 W
11
#42580
01
#42590
b11 W
11
#42600
01
#42610
1H
1D
1F
b100 W
11
#42620
01
#42630
b101 d
b111 f
b1010 g
0H
0D
b1010 ;
0F
1$
1^
b1010 Y
b0 W
b10011111 \
b101 V
11
#42640
01
#42650
b1 W
11
#42660
01
#42670
b10 W
11
#42680
01
#42690
b11 W
11
#42700
01
#42710
1E
1B
1F
b100 W
11
#42720
01
#42730
b1011 g
b11100000 h
0E
0B
b1011 ;
0F
b10000000 _
0$
0^
b1011 Y
b0 W
11
#42740
01
#42750
b1 W
11
#42760
01
#42770
b10 W
11
#42780
01
#42790
b11 W
11
#42800
01
#42810
1H
1D
1F
b100 W
11
#42820
01
#42830
b1100 g
b110 d
b1111 f
0H
0D
b1100 ;
0F
1$
1^
b1100 Y
b0 W
b111111 \
b110 V
11
#42840
01
#42850
b1 W
11
#42860
01
#42870
b10 W
11
#42880
01
#42890
b11 W
11
#42900
01
#42910
1E
1B
1F
b100 W
11
#42920
01
#42930
b11000000 h
b1101 g
0E
0&
0B
b1101 ;
0F
b0 _
0$
0^
b1101 Y
b0 W
11
#42940
01
#42950
b1 W
11
#42960
01
#42970
b10 W
11
#42980
01
#42990
b11 W
11
#43000
01
#43010
1H
1D
1F
b100 W
11
#43020
01
#43030
b111 d
b11110 f
b1110 g
0H
0D
b1110 ;
0F
0@
1$
1^
b1110 Y
b0 W
b1111111 \
b111 V
11
#43040
01
#43050
b1 W
11
#43060
01
#43070
b10 W
11
#43080
01
#43090
b11 W
11
#43100
01
#43110
1E
1B
1F
b100 W
11
#43120
01
#43130
b1111 g
b10000000 h
0E
0B
b1111 ;
0F
0$
0^
b1111 Y
b0 W
11
#43140
01
#43150
b1 W
11
#43160
01
#43170
b10 W
11
#43180
01
#43190
b11 W
11
#43200
01
#43210
1@
1H
b11 Z
1D
1A
1F
b100 W
11
#43220
01
#43230
0b
b0 g
1"
b111100 #
b111100 e
b1000 d
b111100 f
0H
0D
b10000 ;
0A
b111001111 >
0F
0@
1$
1^
b0 Y
b0 W
1(
1X
b11 ]
b11111111 %
b11111111 [
b0 V
11
#43240
01
#43250
b1 W
0(
0X
11
#43260
01
#43270
b10 W
11
#43280
01
#43290
b11 W
11
#43300
01
#43310
b100 W
11
#43320
01
#43330
b0 Z
b101 W
11
#43340
01
#43350
b1010100101010110 7
1!
0)
b0 W
b0 ]
11
#43351
b10000 <
b111100011 >
#43360
01
#43370
11
#43380
01
#43390
b1000010 m
b10000001 l
b101 :
11
#43400
01
#43410
11
#43411
b1 Z
18
b1000010 5
b1000010 a
b10000001 9
b10000001 G
#43420
01
#43430
0'
b1010100110100110 6
b0 ;
b0 f
0"
b0 d
b1000010 h
0!
1)
1&
b1 ]
b10000001 _
11
#43431
08
#43440
01
#43450
b1 W
11
#43460
01
#43470
b10 W
11
#43480
01
#43490
b10 Z
b11 W
11
#43500
01
#43510
b0 W
b10 ]
11
#43520
01
#43530
b1 W
11
#43540
01
#43550
b10 W
11
#43560
01
#43570
b11 W
11
#43580
01
#43590
1B
1F
b100 W
11
#43600
01
#43610
1b
b1 g
0E
0B
b1 ;
0F
0$
0^
b1 Y
b0 W
11
#43620
01
#43630
b1 W
11
#43640
01
#43650
b10 W
11
#43660
01
#43670
b11 W
11
#43680
01
#43690
1H
1D
1F
b100 W
11
#43700
01
#43710
b1 d
b1 f
b10 g
0H
0D
b10 ;
0F
1$
1^
b10 Y
b0 W
b11111110 \
b1 V
11
#43720
01
#43730
b1 W
11
#43740
01
#43750
b10 W
11
#43760
01
#43770
b11 W
11
#43780
01
#43790
1E
1B
1F
b100 W
11
#43800
01
#43810
1'
b11 g
b10000100 h
0E
0&
0B
b11 ;
0F
b10 _
0$
0^
b11 Y
b0 W
11
#43820
01
#43830
b1 W
11
#43840
01
#43850
b10 W
11
#43860
01
#43870
b11 W
11
#43880
01
#43890
1H
1D
1F
b100 W
11
#43900
01
#43910
b100 g
b10 d
b10 f
0H
0D
b100 ;
0F
1$
1^
b100 Y
b0 W
b11111101 \
b10 V
11
#43920
01
#43930
b1 W
11
#43940
01
#43950
b10 W
11
#43960
01
#43970
b11 W
11
#43980
01
#43990
1E
1B
1F
b100 W
11
#44000
01
#44010
0'
b1000 h
b101 g
0E
0B
b101 ;
0F
b100 _
0$
0^
b101 Y
b0 W
11
#44020
01
#44030
b1 W
11
#44040
01
#44050
b10 W
11
#44060
01
#44070
b11 W
11
#44080
01
#44090
1H
1D
1F
b100 W
11
#44100
01
#44110
b11 d
b100 f
b110 g
0H
0D
b110 ;
0F
1$
1^
b110 Y
b0 W
b11111010 \
b11 V
11
#44120
01
#44130
b1 W
11
#44140
01
#44150
b10 W
11
#44160
01
#44170
b11 W
11
#44180
01
#44190
1E
1B
1F
b100 W
11
#44200
01
#44210
b111 g
b10000 h
0E
0B
b111 ;
0F
b1000 _
0$
0^
b111 Y
b0 W
11
#44220
01
#44230
b1 W
11
#44240
01
#44250
b10 W
11
#44260
01
#44270
b11 W
11
#44280
01
#44290
1H
1D
1F
b100 W
11
#44300
01
#44310
b1000 g
b100 d
b1000 f
0H
0D
b1000 ;
0F
1$
1^
b1000 Y
b0 W
b11110100 \
b100 V
11
#44320
01
#44330
b1 W
11
#44340
01
#44350
b10 W
11
#44360
01
#44370
b11 W
11
#44380
01
#44390
1E
1B
1F
b100 W
11
#44400
01
#44410
b100000 h
b1001 g
0E
0B
b1001 ;
0F
b10000 _
0$
0^
b1001 Y
b0 W
11
#44420
01
#44430
b1 W
11
#44440
01
#44450
b10 W
11
#44460
01
#44470
b11 W
11
#44480
01
#44490
1H
1D
1F
b100 W
11
#44500
01
#44510
b101 d
b10000 f
b1010 g
0H
0D
b1010 ;
0F
1$
1^
b1010 Y
b0 W
b11101000 \
b101 V
11
#44520
01
#44530
b1 W
11
#44540
01
#44550
b10 W
11
#44560
01
#44570
b11 W
11
#44580
01
#44590
1E
1B
1F
b100 W
11
#44600
01
#44610
b1011 g
b1000000 h
0E
0B
b1011 ;
0F
b100000 _
0$
0^
b1011 Y
b0 W
11
#44620
01
#44630
b1 W
11
#44640
01
#44650
b10 W
11
#44660
01
#44670
b11 W
11
#44680
01
#44690
1H
1D
1F
b100 W
11
#44700
01
#44710
b1100 g
b110 d
b100000 f
0H
0D
b1100 ;
0F
1$
1^
b1100 Y
b0 W
b11010000 \
b110 V
11
#44720
01
#44730
b1 W
11
#44740
01
#44750
b10 W
11
#44760
01
#44770
b11 W
11
#44780
01
#44790
1E
1B
1F
b100 W
11
#44800
01
#44810
1'
b10000000 h
b1101 g
0E
0B
b1101 ;
0F
b1000000 _
0$
0^
b1101 Y
b0 W
11
#44820
01
#44830
b1 W
11
#44840
01
#44850
b10 W
11
#44860
01
#44870
b11 W
11
#44880
01
#44890
1H
1D
1F
b100 W
11
#44900
01
#44910
b111 d
b1000000 f
b1110 g
0H
0D
b1110 ;
0F
0@
1$
1^
b1110 Y
b0 W
b10100001 \
b111 V
11
#44920
01
#44930
b1 W
11
#44940
01
#44950
b10 W
11
#44960
01
#44970
b11 W
11
#44980
01
#44990
1E
1B
1F
b100 W
11
#45000
01
#45010
0'
b1111 g
b0 h
0E
1&
0B
b1111 ;
0F
b10000000 _
0$
0^
b1111 Y
b0 W
11
#45020
01
#45030
b1 W
11
#45040
01
#45050
b10 W
11
#45060
01
#45070
b11 W
11
#45080
01
#45090
1@
1H
b11 Z
1D
1A
1F
b100 W
11
#45100
01
#45110
0b
b0 g
1"
b10000001 #
b10000001 e
b1000 d
b10000001 f
0H
0D
b10000 ;
0A
b111100100 >
0F
0@
1$
1^
b0 Y
b0 W
1(
1X
b11 ]
b1000010 %
b1000010 [
b0 V
11
#45120
01
#45130
b1 W
0(
0X
11
#45140
01
#45150
b10 W
11
#45160
01
#45170
b11 W
11
#45180
01
#45190
b100 W
11
#45200
01
#45210
b0 Z
b101 W
11
#45220
01
#45230
b1011000010101110 7
1!
0)
b0 W
b0 ]
11
#45231
b10000 <
b111111000 >
#45240
01
#45250
11
#45260
01
#45270
0j
0k
b100010 m
b10001 l
b100 =
b110 :
11
#45280
01
#45290
11
#45291
b1 Z
1b
18
b100010 5
b100010 a
b10001 9
b10001 G
02
03
#45300
01
#45310
0"
b0 d
b100010 h
b0 f
b1011000011111110 6
b0 ;
0!
1)
0&
0$
0^
b1 ]
b10001 _
11
#45311
08
#45320
01
#45330
b1 W
11
#45340
01
#45350
b10 W
11
#45360
01
#45370
b10 Z
b11 W
11
#45380
01
#45390
b0 W
b10 ]
11
#45400
01
#45410
b1 W
11
#45420
01
#45430
b10 W
11
#45440
01
#45450
b11 W
11
#45460
01
#45470
1H
1D
1F
b100 W
11
#45480
01
#45490
b1 d
b1 g
0H
0D
b1 ;
0F
b1000010 \
b1 V
1$
1^
b1 Y
b0 W
11
#45500
01
#45510
b1 W
11
#45520
01
#45530
b10 W
11
#45540
01
#45550
b11 W
11
#45560
01
#45570
1E
1B
1F
b100 W
11
#45580
01
#45590
b10 g
b1000100 h
0E
0B
b10 ;
0F
0$
0^
b10 Y
b0 W
b100010 _
11
#45600
01
#45610
b1 W
11
#45620
01
#45630
b10 W
11
#45640
01
#45650
b11 W
11
#45660
01
#45670
1H
1D
1F
b100 W
11
#45680
01
#45690
b11 g
b10 d
0H
0D
b11 ;
0F
b10000100 \
b10 V
1$
1^
b11 Y
b0 W
11
#45700
01
#45710
b1 W
11
#45720
01
#45730
b10 W
11
#45740
01
#45750
b11 W
11
#45760
01
#45770
1E
1B
1F
b100 W
11
#45780
01
#45790
1'
b10001000 h
b100 g
0E
0B
b100 ;
0F
0$
0^
b100 Y
b0 W
b1000100 _
11
#45800
01
#45810
b1 W
11
#45820
01
#45830
b10 W
11
#45840
01
#45850
b11 W
11
#45860
01
#45870
1H
1D
1F
b100 W
11
#45880
01
#45890
b11 d
b101 g
0H
0D
b101 ;
0F
b1001 \
b11 V
1$
1^
b101 Y
b0 W
11
#45900
01
#45910
b1 W
11
#45920
01
#45930
b10 W
11
#45940
01
#45950
b11 W
11
#45960
01
#45970
1E
1B
1F
b100 W
11
#45980
01
#45990
0'
b110 g
b10000 h
0E
0B
b110 ;
0F
1&
0$
0^
b110 Y
b0 W
b10001000 _
11
#46000
01
#46010
b1 W
11
#46020
01
#46030
b10 W
11
#46040
01
#46050
b11 W
11
#46060
01
#46070
1H
1D
1F
b100 W
11
#46080
01
#46090
b111 g
b100 d
b1 f
0H
0D
b111 ;
0F
b10010 \
b100 V
1$
1^
b111 Y
b0 W
11
#46100
01
#46110
b1 W
11
#46120
01
#46130
b10 W
11
#46140
01
#46150
b11 W
11
#46160
01
#46170
1E
1B
1F
b100 W
11
#46180
01
#46190
b100000 h
b1000 g
0E
0B
b1000 ;
0F
0&
0$
0^
b1000 Y
b0 W
b10000 _
11
#46200
01
#46210
b1 W
11
#46220
01
#46230
b10 W
11
#46240
01
#46250
b11 W
11
#46260
01
#46270
1H
1D
1F
b100 W
11
#46280
01
#46290
b101 d
b10 f
b1001 g
0H
0D
b1001 ;
0F
b100100 \
b101 V
1$
1^
b1001 Y
b0 W
11
#46300
01
#46310
b1 W
11
#46320
01
#46330
b10 W
11
#46340
01
#46350
b11 W
11
#46360
01
#46370
1E
1B
1F
b100 W
11
#46380
01
#46390
b1010 g
b1000000 h
0E
0B
b1010 ;
0F
0$
0^
b1010 Y
b0 W
b100000 _
11
#46400
01
#46410
b1 W
11
#46420
01
#46430
b10 W
11
#46440
01
#46450
b11 W
11
#46460
01
#46470
1H
1D
1F
b100 W
11
#46480
01
#46490
b1011 g
b110 d
b100 f
0H
0D
b1011 ;
0F
b1001000 \
b110 V
1$
1^
b1011 Y
b0 W
11
#46500
01
#46510
b1 W
11
#46520
01
#46530
b10 W
11
#46540
01
#46550
b11 W
11
#46560
01
#46570
1E
1B
1F
b100 W
11
#46580
01
#46590
1'
b10000000 h
b1100 g
0E
0B
b1100 ;
0F
0$
0^
b1100 Y
b0 W
b1000000 _
11
#46600
01
#46610
b1 W
11
#46620
01
#46630
b10 W
11
#46640
01
#46650
b11 W
11
#46660
01
#46670
1H
1D
1F
b100 W
11
#46680
01
#46690
b111 d
b1000 f
b1101 g
0H
0@
0D
b1101 ;
0F
b10010001 \
b111 V
1$
1^
b1101 Y
b0 W
11
#46700
01
#46710
b1 W
11
#46720
01
#46730
b10 W
11
#46740
01
#46750
b11 W
11
#46760
01
#46770
1E
1B
1F
b100 W
11
#46780
01
#46790
0'
b1110 g
b0 h
0E
0B
b1110 ;
0F
1&
0$
0^
b1110 Y
b0 W
b10000000 _
11
#46800
01
#46810
b1 W
11
#46820
01
#46830
b10 W
11
#46840
01
#46850
b11 W
11
#46860
01
#46870
1@
1H
1D
1F
b100 W
11
#46880
01
#46890
b1111 g
1"
b10001 #
b10001 e
b1000 d
b10001 f
0H
0@
0D
b1111 ;
0F
b111111001 >
b100010 %
b100010 [
b0 V
1$
1^
b1111 Y
b0 W
1(
1X
11
#46900
01
#46910
b1 W
0(
0X
11
#46920
01
#46930
b10 W
11
#46940
01
#46950
b11 W
11
#46960
01
#46970
1E
b11 Z
1B
1A
1F
b100 W
11
#46980
01
#46990
b0 g
0E
0B
b10000 ;
0A
0F
0&
0$
0^
b0 Y
b0 W
b11 ]
b0 _
11
#47000
01
#47010
b1 W
11
#47020
01
#47030
b10 W
11
#47040
01
#47050
b11 W
11
#47060
01
#47070
b100 W
11
#47080
01
#47090
b0 Z
b101 W
11
#47100
01
#47110
b1011100000000110 7
1!
0)
b0 W
b0 ]
11
#47111
b1 Z
18
b1000100 5
b1000100 a
b110011 9
b110011 G
b10000 <
b1000001101 >
#47120
01
#47130
b1011100000011010 6
b0 ;
b0 f
0"
b0 d
b1000100 h
0!
1)
b110011 _
b1 ]
11
#47131
08
#47140
01
#47150
b1 W
11
#47160
01
#47170
b10 W
11
#47180
01
#47190
b10 Z
b11 W
11
#47200
01
#47210
b0 W
b10 ]
11
#47220
01
#47230
b1 W
11
#47240
01
#47250
b10 W
11
#47260
01
#47270
b11 W
11
#47280
01
#47290
1H
1D
1F
b100 W
11
#47300
01
#47310
b1 d
b1 g
0H
0D
b1 ;
0F
1$
1^
b1 Y
b0 W
b100010 \
b1 V
11
#47320
01
#47330
b1 W
11
#47340
01
#47350
b10 W
11
#47360
01
#47370
b11 W
11
#47380
01
#47390
1E
1B
1F
b100 W
11
#47400
01
#47410
1'
b10 g
b10001000 h
0E
0B
b10 ;
0F
b1100110 _
0$
0^
b10 Y
b0 W
11
#47420
01
#47430
b1 W
11
#47440
01
#47450
b10 W
11
#47460
01
#47470
b11 W
11
#47480
01
#47490
1H
1D
1F
b100 W
11
#47500
01
#47510
b11 g
b10 d
0H
0D
b11 ;
0F
1$
1^
b11 Y
b0 W
b1000101 \
b10 V
11
#47520
01
#47530
b1 W
11
#47540
01
#47550
b10 W
11
#47560
01
#47570
b11 W
11
#47580
01
#47590
1E
1B
1F
b100 W
11
#47600
01
#47610
0'
b10000 h
b100 g
0E
1&
0B
b100 ;
0F
b11001100 _
0$
0^
b100 Y
b0 W
11
#47620
01
#47630
b1 W
11
#47640
01
#47650
b10 W
11
#47660
01
#47670
b11 W
11
#47680
01
#47690
1H
1D
1F
b100 W
11
#47700
01
#47710
b11 d
b1 f
b101 g
0H
0D
b101 ;
0F
1$
1^
b101 Y
b0 W
b10001010 \
b11 V
11
#47720
01
#47730
b1 W
11
#47740
01
#47750
b10 W
11
#47760
01
#47770
b11 W
11
#47780
01
#47790
1E
1B
1F
b100 W
11
#47800
01
#47810
b110 g
b100000 h
0E
0B
b110 ;
0F
b10011000 _
0$
0^
b110 Y
b0 W
11
#47820
01
#47830
b1 W
11
#47840
01
#47850
b10 W
11
#47860
01
#47870
b11 W
11
#47880
01
#47890
1H
1D
1F
b100 W
11
#47900
01
#47910
b111 g
b100 d
b11 f
0H
0D
b111 ;
0F
1$
1^
b111 Y
b0 W
b10100 \
b100 V
11
#47920
01
#47930
b1 W
11
#47940
01
#47950
b10 W
11
#47960
01
#47970
b11 W
11
#47980
01
#47990
1E
1B
1F
b100 W
11
#48000
01
#48010
b1000000 h
b1000 g
0E
0&
0B
b1000 ;
0F
b110000 _
0$
0^
b1000 Y
b0 W
11
#48020
01
#48030
b1 W
11
#48040
01
#48050
b10 W
11
#48060
01
#48070
b11 W
11
#48080
01
#48090
1H
1D
1F
b100 W
11
#48100
01
#48110
b101 d
b110 f
b1001 g
0H
0D
b1001 ;
0F
1$
1^
b1001 Y
b0 W
b101000 \
b101 V
11
#48120
01
#48130
b1 W
11
#48140
01
#48150
b10 W
11
#48160
01
#48170
b11 W
11
#48180
01
#48190
1E
1B
1F
b100 W
11
#48200
01
#48210
1'
b1010 g
b10000000 h
0E
0B
b1010 ;
0F
b1100000 _
0$
0^
b1010 Y
b0 W
11
#48220
01
#48230
b1 W
11
#48240
01
#48250
b10 W
11
#48260
01
#48270
b11 W
11
#48280
01
#48290
1H
1D
1F
b100 W
11
#48300
01
#48310
b1011 g
b110 d
b1100 f
0H
0D
b1011 ;
0F
1$
1^
b1011 Y
b0 W
b1010001 \
b110 V
11
#48320
01
#48330
b1 W
11
#48340
01
#48350
b10 W
11
#48360
01
#48370
b11 W
11
#48380
01
#48390
1E
1B
1F
b100 W
11
#48400
01
#48410
0'
b0 h
b1100 g
0E
1&
0B
b1100 ;
0F
b11000000 _
0$
0^
b1100 Y
b0 W
11
#48420
01
#48430
b1 W
11
#48440
01
#48450
b10 W
11
#48460
01
#48470
b11 W
11
#48480
01
#48490
1H
1D
1F
b100 W
11
#48500
01
#48510
b111 d
b11001 f
b1101 g
0H
0D
b1101 ;
0F
0@
1$
1^
b1101 Y
b0 W
b10100010 \
b111 V
11
#48520
01
#48530
b1 W
11
#48540
01
#48550
b10 W
11
#48560
01
#48570
b11 W
11
#48580
01
#48590
1E
1B
1F
b100 W
11
#48600
01
#48610
b1110 g
0E
0B
b1110 ;
0F
b10000000 _
0$
0^
b1110 Y
b0 W
11
#48620
01
#48630
b1 W
11
#48640
01
#48650
b10 W
11
#48660
01
#48670
b11 W
11
#48680
01
#48690
1@
1H
1D
1F
b100 W
11
#48700
01
#48710
b1111 g
1"
b110011 #
b110011 e
b1000 d
b110011 f
0H
0D
b1111 ;
0F
b1000001110 >
0@
1$
1^
b1111 Y
b0 W
1(
1X
b1000100 %
b1000100 [
b0 V
11
#48720
01
#48730
b1 W
0(
0X
11
#48740
01
#48750
b10 W
11
#48760
01
#48770
b11 W
11
#48780
01
#48790
1E
b11 Z
1B
1A
1F
b100 W
11
#48800
01
#48810
b0 g
0E
0&
0B
b10000 ;
0A
0F
b0 _
0$
0^
b0 Y
b0 W
b11 ]
11
#48820
01
#48830
b1 W
11
#48840
01
#48850
b10 W
11
#48860
01
#48870
b11 W
11
#48880
01
#48890
b100 W
11
#48900
01
#48910
b0 Z
b101 W
11
#48920
01
#48930
b1011111100100010 7
1!
0)
b0 W
b0 ]
11
#48931
b1000001111 >
#48940
01
#48950
11
#48951
b1 Z
1C
1`
0b
18
b1100110 5
b1100110 a
b10011001 9
b10011001 G
12
#48960
01
#48970
0"
b0 d
b1100110 h
b0 f
b1011111101001010 6
b0 ;
0!
1)
1&
b10011001 _
b1 ]
11
#48971
08
#48980
01
#48990
b1 W
11
#49000
01
#49010
b10 W
11
#49020
01
#49030
b10 Z
b11 W
11
#49040
01
#49050
b0 W
b10 ]
11
#49060
01
#49070
b1 W
11
#49080
01
#49090
b10 W
11
#49100
01
#49110
b11 W
11
#49120
01
#49130
1D
1F
b100 W
11
#49140
01
#49150
1b
b1 g
0E
0D
b1 ;
0F
1$
1^
b1 Y
b0 W
11
#49160
01
#49170
b1 W
11
#49180
01
#49190
b10 W
11
#49200
01
#49210
b10 g
b1 d
b1 f
b1100000000111010 7
1!
0)
0&
b10 ;
b0 Z
b0 %
b0 [
b0 \
b0 _
0$
0^
b0 Y
b0 W
b0 ]
14
11
#49220
01
#49230
11
#49231
b1000010011 >
04
#49240
01
#49250
11
#49260
01
#49270
11
#49280
01
#49290
11
